{
  "club/minnced/discord/rpc/DiscordEventHandlers": 52,
  "club/minnced/discord/rpc/DiscordEventHandlers$OnGameUpdate": 52,
  "club/minnced/discord/rpc/DiscordEventHandlers$OnJoinRequest": 52,
  "club/minnced/discord/rpc/DiscordEventHandlers$OnReady": 52,
  "club/minnced/discord/rpc/DiscordEventHandlers$OnStatus": 52,
  "club/minnced/discord/rpc/DiscordRPC": 52,
  "club/minnced/discord/rpc/DiscordRichPresence": 52,
  "club/minnced/discord/rpc/DiscordUser": 52,
  "com/sun/jna/AltCallingConvention": 50,
  "com/sun/jna/Callback": 50,
  "com/sun/jna/Callback$UncaughtExceptionHandler": 50,
  "com/sun/jna/CallbackParameterContext": 50,
  "com/sun/jna/CallbackProxy": 50,
  "com/sun/jna/CallbackReference": 50,
  "com/sun/jna/CallbackReference$AttachOptions": 50,
  "com/sun/jna/CallbackReference$DefaultCallbackProxy": 50,
  "com/sun/jna/CallbackReference$NativeFunctionHandler": 50,
  "com/sun/jna/CallbackResultContext": 50,
  "com/sun/jna/CallbackThreadInitializer": 50,
  "com/sun/jna/DefaultTypeMapper": 50,
  "com/sun/jna/DefaultTypeMapper$Entry": 50,
  "com/sun/jna/ELFAnalyser": 50,
  "com/sun/jna/FromNativeContext": 50,
  "com/sun/jna/FromNativeConverter": 50,
  "com/sun/jna/Function": 50,
  "com/sun/jna/Function$NativeMappedArray": 50,
  "com/sun/jna/Function$PointerArray": 50,
  "com/sun/jna/Function$PostCallRead": 50,
  "com/sun/jna/FunctionMapper": 50,
  "com/sun/jna/FunctionParameterContext": 50,
  "com/sun/jna/FunctionResultContext": 50,
  "com/sun/jna/IntegerType": 50,
  "com/sun/jna/InvocationMapper": 50,
  "com/sun/jna/LastErrorException": 50,
  "com/sun/jna/Library": 50,
  "com/sun/jna/Library$Handler": 50,
  "com/sun/jna/Library$Handler$FunctionInfo": 50,
  "com/sun/jna/Memory": 50,
  "com/sun/jna/Memory$SharedMemory": 50,
  "com/sun/jna/MethodParameterContext": 50,
  "com/sun/jna/MethodResultContext": 50,
  "com/sun/jna/Native": 50,
  "com/sun/jna/Native$1": 50,
  "com/sun/jna/Native$2": 50,
  "com/sun/jna/Native$3": 50,
  "com/sun/jna/Native$4": 50,
  "com/sun/jna/Native$5": 50,
  "com/sun/jna/Native$6": 50,
  "com/sun/jna/Native$7": 50,
  "com/sun/jna/Native$AWT": 50,
  "com/sun/jna/Native$Buffers": 50,
  "com/sun/jna/Native$ffi_callback": 50,
  "com/sun/jna/NativeLibrary": 50,
  "com/sun/jna/NativeLibrary$1": 50,
  "com/sun/jna/NativeLibrary$2": 50,
  "com/sun/jna/NativeLong": 50,
  "com/sun/jna/NativeMapped": 50,
  "com/sun/jna/NativeMappedConverter": 50,
  "com/sun/jna/NativeString": 50,
  "com/sun/jna/NativeString$StringMemory": 50,
  "com/sun/jna/Platform": 50,
  "com/sun/jna/Pointer": 50,
  "com/sun/jna/Pointer$1": 50,
  "com/sun/jna/Pointer$Opaque": 50,
  "com/sun/jna/PointerType": 50,
  "com/sun/jna/StringArray": 50,
  "com/sun/jna/Structure": 50,
  "com/sun/jna/Structure$1": 50,
  "com/sun/jna/Structure$2": 50,
  "com/sun/jna/Structure$3": 50,
  "com/sun/jna/Structure$AutoAllocated": 50,
  "com/sun/jna/Structure$ByReference": 50,
  "com/sun/jna/Structure$ByValue": 50,
  "com/sun/jna/Structure$FFIType": 50,
  "com/sun/jna/Structure$FFIType$FFITypes": 50,
  "com/sun/jna/Structure$FFIType$size_t": 50,
  "com/sun/jna/Structure$LayoutInfo": 50,
  "com/sun/jna/Structure$StructField": 50,
  "com/sun/jna/Structure$StructureSet": 50,
  "com/sun/jna/StructureReadContext": 50,
  "com/sun/jna/StructureWriteContext": 50,
  "com/sun/jna/ToNativeContext": 50,
  "com/sun/jna/ToNativeConverter": 50,
  "com/sun/jna/TypeConverter": 50,
  "com/sun/jna/TypeMapper": 50,
  "com/sun/jna/Union": 50,
  "com/sun/jna/VarArgsChecker": 50,
  "com/sun/jna/VarArgsChecker$1": 50,
  "com/sun/jna/VarArgsChecker$NoVarArgsChecker": 50,
  "com/sun/jna/VarArgsChecker$RealVarArgsChecker": 50,
  "com/sun/jna/Version": 50,
  "com/sun/jna/WString": 50,
  "com/sun/jna/WeakMemoryHolder": 50,
  "com/sun/jna/ptr/ByReference": 50,
  "com/sun/jna/ptr/ByteByReference": 50,
  "com/sun/jna/ptr/DoubleByReference": 50,
  "com/sun/jna/ptr/FloatByReference": 50,
  "com/sun/jna/ptr/IntByReference": 50,
  "com/sun/jna/ptr/LongByReference": 50,
  "com/sun/jna/ptr/NativeLongByReference": 50,
  "com/sun/jna/ptr/PointerByReference": 50,
  "com/sun/jna/ptr/ShortByReference": 50,
  "com/sun/jna/win32/DLLCallback": 50,
  "com/sun/jna/win32/StdCall": 50,
  "com/sun/jna/win32/StdCallFunctionMapper": 50,
  "com/sun/jna/win32/StdCallLibrary": 50,
  "com/sun/jna/win32/StdCallLibrary$StdCallCallback": 50,
  "com/sun/jna/win32/W32APIFunctionMapper": 50,
  "com/sun/jna/win32/W32APIOptions": 50,
  "com/sun/jna/win32/W32APIOptions$1": 50,
  "com/sun/jna/win32/W32APIOptions$2": 50,
  "com/sun/jna/win32/W32APITypeMapper": 50,
  "com/sun/jna/win32/W32APITypeMapper$1": 50,
  "com/sun/jna/win32/W32APITypeMapper$2": 50,
  "me/bon/badlionplus/BadlionMod": 52,
  "me/bon/badlionplus/clickgui/ClickGui": 52,
  "me/bon/badlionplus/clickgui/component/Component": 52,
  "me/bon/badlionplus/clickgui/component/Frame": 52,
  "me/bon/badlionplus/clickgui/component/components/Button": 52,
  "me/bon/badlionplus/clickgui/component/components/sub/Checkbox": 52,
  "me/bon/badlionplus/clickgui/component/components/sub/Keybind": 52,
  "me/bon/badlionplus/clickgui/component/components/sub/ModeButton": 52,
  "me/bon/badlionplus/clickgui/component/components/sub/Slider": 52,
  "me/bon/badlionplus/command/Command": 52,
  "me/bon/badlionplus/command/CommandManager": 52,
  "me/bon/badlionplus/command/Commands/Bind": 52,
  "me/bon/badlionplus/command/Commands/FriendCommand": 52,
  "me/bon/badlionplus/command/Commands/Help": 52,
  "me/bon/badlionplus/command/Commands/Toggle": 52,
  "me/bon/badlionplus/event/BadlionEvent": 52,
  "me/bon/badlionplus/event/BadlionEvent$Era": 52,
  "me/bon/badlionplus/event/Events/EntityUseTotemEvent": 52,
  "me/bon/badlionplus/event/Events/EventPlayerClickBlock": 52,
  "me/bon/badlionplus/event/Events/EventPlayerDamageBlock": 52,
  "me/bon/badlionplus/event/Events/PacketEvent": 52,
  "me/bon/badlionplus/event/Events/PacketEvent$PostReceive": 52,
  "me/bon/badlionplus/event/Events/PacketEvent$PostSend": 52,
  "me/bon/badlionplus/event/Events/PacketEvent$Receive": 52,
  "me/bon/badlionplus/event/Events/PacketEvent$Send": 52,
  "me/bon/badlionplus/event/Events/RenderEvent": 52,
  "me/bon/badlionplus/event/Events/TotemPopEvent": 52,
  "me/bon/badlionplus/event/ForgeEventProcessor": 52,
  "me/bon/badlionplus/friends/Friend": 52,
  "me/bon/badlionplus/friends/Friends": 52,
  "me/bon/badlionplus/mixin/MixinLoader": 52,
  "me/bon/badlionplus/mixin/Mixins/MixinC00Handshake": 52,
  "me/bon/badlionplus/mixin/Mixins/MixinGuiMainMenu": 52,
  "me/bon/badlionplus/mixin/Mixins/MixinMovementInputFromOptions": 52,
  "me/bon/badlionplus/mixin/Mixins/MixinNetworkManager": 52,
  "me/bon/badlionplus/mixin/Mixins/MixinPlayerControllerMP": 52,
  "me/bon/badlionplus/module/Category": 52,
  "me/bon/badlionplus/module/Combat/AutoTotem": 52,
  "me/bon/badlionplus/module/Combat/AutoTrap": 52,
  "me/bon/badlionplus/module/Combat/AutoTrapBed": 52,
  "me/bon/badlionplus/module/Combat/BedAura": 52,
  "me/bon/badlionplus/module/Combat/BowSpam": 52,
  "me/bon/badlionplus/module/Combat/Criticals": 52,
  "me/bon/badlionplus/module/Combat/PacketAutoCity": 52,
  "me/bon/badlionplus/module/Combat/Surround": 52,
  "me/bon/badlionplus/module/Exploit/EChestBackPack": 52,
  "me/bon/badlionplus/module/Exploit/NoHandshake": 52,
  "me/bon/badlionplus/module/Hud/Arraylist": 52,
  "me/bon/badlionplus/module/Hud/ClickGUI": 52,
  "me/bon/badlionplus/module/Misc/ChatSuffix": 52,
  "me/bon/badlionplus/module/Misc/FakePlayer": 52,
  "me/bon/badlionplus/module/Misc/TotemPopAnnouncer": 52,
  "me/bon/badlionplus/module/Module": 52,
  "me/bon/badlionplus/module/ModuleManager": 52,
  "me/bon/badlionplus/module/Movement/GuiMove": 52,
  "me/bon/badlionplus/module/Movement/Sprint": 52,
  "me/bon/badlionplus/module/Movement/Strafe": 52,
  "me/bon/badlionplus/module/Movement/Velocity": 52,
  "me/bon/badlionplus/module/Player/NoFall": 52,
  "me/bon/badlionplus/module/Player/PacketMine": 52,
  "me/bon/badlionplus/module/Render/Fullbright": 52,
  "me/bon/badlionplus/module/Render/HoleESP": 52,
  "me/bon/badlionplus/setting/Setting": 52,
  "me/bon/badlionplus/setting/SettingsManager": 52,
  "me/bon/badlionplus/util/BadlionTessellator": 52,
  "me/bon/badlionplus/util/ColorUtils": 52,
  "me/bon/badlionplus/util/ColorUtils$ColorName": 52,
  "me/bon/badlionplus/util/ColorUtils$Colors": 52,
  "me/bon/badlionplus/util/ConfigManager": 52,
  "me/bon/badlionplus/util/Font/CFont": 52,
  "me/bon/badlionplus/util/Font/CFont$CharData": 52,
  "me/bon/badlionplus/util/Font/CFontRenderer": 52,
  "me/bon/badlionplus/util/Font/FontUtils": 52,
  "me/bon/badlionplus/util/GeometryMasks": 52,
  "me/bon/badlionplus/util/GeometryMasks$Line": 52,
  "me/bon/badlionplus/util/GeometryMasks$Quad": 52,
  "me/bon/badlionplus/util/Messages": 52,
  "me/zero/alpine/EventBus": 52,
  "me/zero/alpine/EventManager": 52,
  "me/zero/alpine/listener/EventHandler": 52,
  "me/zero/alpine/listener/EventHook": 52,
  "me/zero/alpine/listener/Listener": 52,
  "me/zero/alpine/type/Cancellable": 52,
  "me/zero/alpine/type/EventPriority": 52,
  "me/zero/alpine/type/EventState": 52,
  "net/jodah/typetools/TypeResolver": 50,
  "net/jodah/typetools/TypeResolver$1": 50,
  "net/jodah/typetools/TypeResolver$Unknown": 50,
  "org/spongepowered/asm/bridge/RemapperAdapter": 52,
  "org/spongepowered/asm/bridge/RemapperAdapterFML": 52,
  "org/spongepowered/asm/launch/GlobalProperties": 52,
  "org/spongepowered/asm/launch/GlobalProperties$Keys": 52,
  "org/spongepowered/asm/launch/IClassProcessor": 52,
  "org/spongepowered/asm/launch/MixinBootstrap": 52,
  "org/spongepowered/asm/launch/MixinInitialisationError": 52,
  "org/spongepowered/asm/launch/MixinLaunchPlugin": 52,
  "org/spongepowered/asm/launch/MixinTransformationService": 52,
  "org/spongepowered/asm/launch/MixinTweaker": 52,
  "org/spongepowered/asm/launch/Phases": 52,
  "org/spongepowered/asm/launch/platform/CommandLineOptions": 52,
  "org/spongepowered/asm/launch/platform/IMixinPlatformAgent": 52,
  "org/spongepowered/asm/launch/platform/IMixinPlatformAgent$AcceptResult": 52,
  "org/spongepowered/asm/launch/platform/IMixinPlatformServiceAgent": 52,
  "org/spongepowered/asm/launch/platform/MainAttributes": 52,
  "org/spongepowered/asm/launch/platform/MixinConnectorManager": 52,
  "org/spongepowered/asm/launch/platform/MixinContainer": 52,
  "org/spongepowered/asm/launch/platform/MixinPlatformAgentAbstract": 52,
  "org/spongepowered/asm/launch/platform/MixinPlatformAgentDefault": 52,
  "org/spongepowered/asm/launch/platform/MixinPlatformAgentFMLLegacy": 52,
  "org/spongepowered/asm/launch/platform/MixinPlatformAgentFMLLegacy$MixinAppender": 52,
  "org/spongepowered/asm/launch/platform/MixinPlatformAgentLiteLoaderLegacy": 52,
  "org/spongepowered/asm/launch/platform/MixinPlatformAgentMinecraftForge": 52,
  "org/spongepowered/asm/launch/platform/MixinPlatformManager": 52,
  "org/spongepowered/asm/launch/platform/container/ContainerHandleModLauncher": 52,
  "org/spongepowered/asm/launch/platform/container/ContainerHandleModLauncher$Resource": 52,
  "org/spongepowered/asm/launch/platform/container/ContainerHandleURI": 52,
  "org/spongepowered/asm/launch/platform/container/ContainerHandleVirtual": 52,
  "org/spongepowered/asm/launch/platform/container/IContainerHandle": 52,
  "org/spongepowered/asm/lib/AnnotationVisitor": 52,
  "org/spongepowered/asm/lib/Attribute": 52,
  "org/spongepowered/asm/lib/ClassVisitor": 52,
  "org/spongepowered/asm/lib/FieldVisitor": 52,
  "org/spongepowered/asm/lib/MethodVisitor": 52,
  "org/spongepowered/asm/lib/TypePath": 52,
  "org/spongepowered/asm/lib/tree/ClassNode": 52,
  "org/spongepowered/asm/mixin/Debug": 52,
  "org/spongepowered/asm/mixin/Dynamic": 52,
  "org/spongepowered/asm/mixin/EnvironmentStateTweaker": 52,
  "org/spongepowered/asm/mixin/Final": 52,
  "org/spongepowered/asm/mixin/Implements": 52,
  "org/spongepowered/asm/mixin/Interface": 52,
  "org/spongepowered/asm/mixin/Interface$Remap": 52,
  "org/spongepowered/asm/mixin/Intrinsic": 52,
  "org/spongepowered/asm/mixin/Mixin": 52,
  "org/spongepowered/asm/mixin/MixinEnvironment": 52,
  "org/spongepowered/asm/mixin/MixinEnvironment$1": 52,
  "org/spongepowered/asm/mixin/MixinEnvironment$CompatibilityLevel": 52,
  "org/spongepowered/asm/mixin/MixinEnvironment$CompatibilityLevel$1": 52,
  "org/spongepowered/asm/mixin/MixinEnvironment$CompatibilityLevel$2": 52,
  "org/spongepowered/asm/mixin/MixinEnvironment$CompatibilityLevel$3": 52,
  "org/spongepowered/asm/mixin/MixinEnvironment$CompatibilityLevel$4": 52,
  "org/spongepowered/asm/mixin/MixinEnvironment$CompatibilityLevel$5": 52,
  "org/spongepowered/asm/mixin/MixinEnvironment$CompatibilityLevel$LanguageFeature": 52,
  "org/spongepowered/asm/mixin/MixinEnvironment$Option": 52,
  "org/spongepowered/asm/mixin/MixinEnvironment$Option$Inherit": 52,
  "org/spongepowered/asm/mixin/MixinEnvironment$Phase": 52,
  "org/spongepowered/asm/mixin/MixinEnvironment$PhaseConsumer": 52,
  "org/spongepowered/asm/mixin/MixinEnvironment$Side": 52,
  "org/spongepowered/asm/mixin/MixinEnvironment$Side$1": 52,
  "org/spongepowered/asm/mixin/MixinEnvironment$Side$2": 52,
  "org/spongepowered/asm/mixin/MixinEnvironment$Side$3": 52,
  "org/spongepowered/asm/mixin/MixinEnvironment$TokenProviderWrapper": 52,
  "org/spongepowered/asm/mixin/Mixins": 52,
  "org/spongepowered/asm/mixin/Mutable": 52,
  "org/spongepowered/asm/mixin/Overwrite": 52,
  "org/spongepowered/asm/mixin/Pseudo": 52,
  "org/spongepowered/asm/mixin/Shadow": 52,
  "org/spongepowered/asm/mixin/SoftOverride": 52,
  "org/spongepowered/asm/mixin/Unique": 52,
  "org/spongepowered/asm/mixin/connect/IMixinConnector": 52,
  "org/spongepowered/asm/mixin/extensibility/IEnvironmentTokenProvider": 52,
  "org/spongepowered/asm/mixin/extensibility/IMixinConfig": 52,
  "org/spongepowered/asm/mixin/extensibility/IMixinConfigPlugin": 52,
  "org/spongepowered/asm/mixin/extensibility/IMixinErrorHandler": 52,
  "org/spongepowered/asm/mixin/extensibility/IMixinErrorHandler$ErrorAction": 52,
  "org/spongepowered/asm/mixin/extensibility/IMixinInfo": 52,
  "org/spongepowered/asm/mixin/extensibility/IRemapper": 52,
  "org/spongepowered/asm/mixin/gen/Accessor": 52,
  "org/spongepowered/asm/mixin/gen/AccessorGenerator": 52,
  "org/spongepowered/asm/mixin/gen/AccessorGeneratorField": 52,
  "org/spongepowered/asm/mixin/gen/AccessorGeneratorFieldGetter": 52,
  "org/spongepowered/asm/mixin/gen/AccessorGeneratorFieldSetter": 52,
  "org/spongepowered/asm/mixin/gen/AccessorGeneratorMethodProxy": 52,
  "org/spongepowered/asm/mixin/gen/AccessorGeneratorObjectFactory": 52,
  "org/spongepowered/asm/mixin/gen/AccessorInfo": 52,
  "org/spongepowered/asm/mixin/gen/AccessorInfo$1": 52,
  "org/spongepowered/asm/mixin/gen/AccessorInfo$AccessorName": 52,
  "org/spongepowered/asm/mixin/gen/AccessorInfo$AccessorType": 52,
  "org/spongepowered/asm/mixin/gen/AccessorInfo$AccessorType$1": 52,
  "org/spongepowered/asm/mixin/gen/AccessorInfo$AccessorType$2": 52,
  "org/spongepowered/asm/mixin/gen/AccessorInfo$AccessorType$3": 52,
  "org/spongepowered/asm/mixin/gen/AccessorInfo$AccessorType$4": 52,
  "org/spongepowered/asm/mixin/gen/Invoker": 52,
  "org/spongepowered/asm/mixin/gen/InvokerInfo": 52,
  "org/spongepowered/asm/mixin/gen/throwables/InvalidAccessorException": 52,
  "org/spongepowered/asm/mixin/injection/At": 52,
  "org/spongepowered/asm/mixin/injection/At$Shift": 52,
  "org/spongepowered/asm/mixin/injection/Coerce": 52,
  "org/spongepowered/asm/mixin/injection/Constant": 52,
  "org/spongepowered/asm/mixin/injection/Constant$Condition": 52,
  "org/spongepowered/asm/mixin/injection/Group": 52,
  "org/spongepowered/asm/mixin/injection/IInjectionPointContext": 52,
  "org/spongepowered/asm/mixin/injection/Inject": 52,
  "org/spongepowered/asm/mixin/injection/InjectionPoint": 52,
  "org/spongepowered/asm/mixin/injection/InjectionPoint$AtCode": 52,
  "org/spongepowered/asm/mixin/injection/InjectionPoint$CompositeInjectionPoint": 52,
  "org/spongepowered/asm/mixin/injection/InjectionPoint$Intersection": 52,
  "org/spongepowered/asm/mixin/injection/InjectionPoint$RestrictTargetLevel": 52,
  "org/spongepowered/asm/mixin/injection/InjectionPoint$Selector": 52,
  "org/spongepowered/asm/mixin/injection/InjectionPoint$Shift": 52,
  "org/spongepowered/asm/mixin/injection/InjectionPoint$ShiftByViolationBehaviour": 52,
  "org/spongepowered/asm/mixin/injection/InjectionPoint$Union": 52,
  "org/spongepowered/asm/mixin/injection/ModifyArg": 52,
  "org/spongepowered/asm/mixin/injection/ModifyArgs": 52,
  "org/spongepowered/asm/mixin/injection/ModifyConstant": 52,
  "org/spongepowered/asm/mixin/injection/ModifyVariable": 52,
  "org/spongepowered/asm/mixin/injection/Redirect": 52,
  "org/spongepowered/asm/mixin/injection/Slice": 52,
  "org/spongepowered/asm/mixin/injection/Surrogate": 52,
  "org/spongepowered/asm/mixin/injection/callback/CallbackInfo": 52,
  "org/spongepowered/asm/mixin/injection/callback/CallbackInfoReturnable": 52,
  "org/spongepowered/asm/mixin/injection/callback/CallbackInjector": 52,
  "org/spongepowered/asm/mixin/injection/callback/CallbackInjector$1": 52,
  "org/spongepowered/asm/mixin/injection/callback/CallbackInjector$Callback": 52,
  "org/spongepowered/asm/mixin/injection/callback/Cancellable": 52,
  "org/spongepowered/asm/mixin/injection/callback/CancellationException": 52,
  "org/spongepowered/asm/mixin/injection/callback/LocalCapture": 52,
  "org/spongepowered/asm/mixin/injection/code/ISliceContext": 52,
  "org/spongepowered/asm/mixin/injection/code/Injector": 52,
  "org/spongepowered/asm/mixin/injection/code/Injector$InjectorData": 52,
  "org/spongepowered/asm/mixin/injection/code/Injector$TargetNode": 52,
  "org/spongepowered/asm/mixin/injection/code/InjectorTarget": 52,
  "org/spongepowered/asm/mixin/injection/code/MethodSlice": 52,
  "org/spongepowered/asm/mixin/injection/code/MethodSlice$InsnListSlice": 52,
  "org/spongepowered/asm/mixin/injection/code/MethodSlice$InsnListSlice$SliceIterator": 52,
  "org/spongepowered/asm/mixin/injection/code/MethodSlices": 52,
  "org/spongepowered/asm/mixin/injection/code/ReadOnlyInsnList": 52,
  "org/spongepowered/asm/mixin/injection/invoke/InvokeInjector": 52,
  "org/spongepowered/asm/mixin/injection/invoke/ModifyArgInjector": 52,
  "org/spongepowered/asm/mixin/injection/invoke/ModifyArgsInjector": 52,
  "org/spongepowered/asm/mixin/injection/invoke/ModifyConstantInjector": 52,
  "org/spongepowered/asm/mixin/injection/invoke/RedirectInjector": 52,
  "org/spongepowered/asm/mixin/injection/invoke/RedirectInjector$ConstructorRedirectData": 52,
  "org/spongepowered/asm/mixin/injection/invoke/RedirectInjector$Meta": 52,
  "org/spongepowered/asm/mixin/injection/invoke/RedirectInjector$RedirectedFieldData": 52,
  "org/spongepowered/asm/mixin/injection/invoke/RedirectInjector$RedirectedInvokeData": 52,
  "org/spongepowered/asm/mixin/injection/invoke/arg/Args": 52,
  "org/spongepowered/asm/mixin/injection/invoke/arg/ArgsClassGenerator": 52,
  "org/spongepowered/asm/mixin/injection/invoke/arg/ArgsClassGenerator$ArgsClassInfo": 52,
  "org/spongepowered/asm/mixin/injection/invoke/arg/ArgumentCountException": 52,
  "org/spongepowered/asm/mixin/injection/invoke/arg/ArgumentIndexOutOfBoundsException": 52,
  "org/spongepowered/asm/mixin/injection/invoke/util/InsnFinder": 52,
  "org/spongepowered/asm/mixin/injection/invoke/util/InsnFinder$AnalysisResultException": 52,
  "org/spongepowered/asm/mixin/injection/invoke/util/InsnFinder$AnalyzerState": 52,
  "org/spongepowered/asm/mixin/injection/invoke/util/InsnFinder$PopAnalyzer": 52,
  "org/spongepowered/asm/mixin/injection/invoke/util/InsnFinder$PopAnalyzer$PopFrame": 52,
  "org/spongepowered/asm/mixin/injection/modify/AfterStoreLocal": 52,
  "org/spongepowered/asm/mixin/injection/modify/BeforeLoadLocal": 52,
  "org/spongepowered/asm/mixin/injection/modify/BeforeLoadLocal$SearchState": 52,
  "org/spongepowered/asm/mixin/injection/modify/InvalidImplicitDiscriminatorException": 52,
  "org/spongepowered/asm/mixin/injection/modify/LocalVariableDiscriminator": 52,
  "org/spongepowered/asm/mixin/injection/modify/LocalVariableDiscriminator$Context": 52,
  "org/spongepowered/asm/mixin/injection/modify/LocalVariableDiscriminator$Context$Local": 52,
  "org/spongepowered/asm/mixin/injection/modify/ModifyVariableInjector": 52,
  "org/spongepowered/asm/mixin/injection/modify/ModifyVariableInjector$Context": 52,
  "org/spongepowered/asm/mixin/injection/modify/ModifyVariableInjector$LocalVariableInjectionPoint": 52,
  "org/spongepowered/asm/mixin/injection/points/AfterInvoke": 52,
  "org/spongepowered/asm/mixin/injection/points/BeforeConstant": 52,
  "org/spongepowered/asm/mixin/injection/points/BeforeFieldAccess": 52,
  "org/spongepowered/asm/mixin/injection/points/BeforeFinalReturn": 52,
  "org/spongepowered/asm/mixin/injection/points/BeforeInvoke": 52,
  "org/spongepowered/asm/mixin/injection/points/BeforeInvoke$SearchType": 52,
  "org/spongepowered/asm/mixin/injection/points/BeforeNew": 52,
  "org/spongepowered/asm/mixin/injection/points/BeforeReturn": 52,
  "org/spongepowered/asm/mixin/injection/points/BeforeStringInvoke": 52,
  "org/spongepowered/asm/mixin/injection/points/JumpInsnPoint": 52,
  "org/spongepowered/asm/mixin/injection/points/MethodHead": 52,
  "org/spongepowered/asm/mixin/injection/selectors/ITargetSelector": 52,
  "org/spongepowered/asm/mixin/injection/selectors/ITargetSelectorByName": 52,
  "org/spongepowered/asm/mixin/injection/selectors/ITargetSelectorConstructor": 52,
  "org/spongepowered/asm/mixin/injection/selectors/ITargetSelectorRemappable": 52,
  "org/spongepowered/asm/mixin/injection/selectors/InvalidSelectorException": 52,
  "org/spongepowered/asm/mixin/injection/selectors/MatchResult": 52,
  "org/spongepowered/asm/mixin/injection/selectors/TargetSelector": 52,
  "org/spongepowered/asm/mixin/injection/selectors/TargetSelector$Result": 52,
  "org/spongepowered/asm/mixin/injection/struct/CallbackInjectionInfo": 52,
  "org/spongepowered/asm/mixin/injection/struct/InjectionInfo": 52,
  "org/spongepowered/asm/mixin/injection/struct/InjectionInfo$AnnotationType": 52,
  "org/spongepowered/asm/mixin/injection/struct/InjectionInfo$HandlerPrefix": 52,
  "org/spongepowered/asm/mixin/injection/struct/InjectionInfo$InjectorEntry": 52,
  "org/spongepowered/asm/mixin/injection/struct/InjectionNodes": 52,
  "org/spongepowered/asm/mixin/injection/struct/InjectionNodes$InjectionNode": 52,
  "org/spongepowered/asm/mixin/injection/struct/InjectionPointData": 52,
  "org/spongepowered/asm/mixin/injection/struct/InjectorGroupInfo": 52,
  "org/spongepowered/asm/mixin/injection/struct/InjectorGroupInfo$Map": 52,
  "org/spongepowered/asm/mixin/injection/struct/InvalidMemberDescriptorException": 52,
  "org/spongepowered/asm/mixin/injection/struct/MemberInfo": 52,
  "org/spongepowered/asm/mixin/injection/struct/ModifyArgInjectionInfo": 52,
  "org/spongepowered/asm/mixin/injection/struct/ModifyArgsInjectionInfo": 52,
  "org/spongepowered/asm/mixin/injection/struct/ModifyConstantInjectionInfo": 52,
  "org/spongepowered/asm/mixin/injection/struct/ModifyVariableInjectionInfo": 52,
  "org/spongepowered/asm/mixin/injection/struct/RedirectInjectionInfo": 52,
  "org/spongepowered/asm/mixin/injection/struct/Target": 52,
  "org/spongepowered/asm/mixin/injection/struct/Target$Extension": 52,
  "org/spongepowered/asm/mixin/injection/struct/TargetNotSupportedException": 52,
  "org/spongepowered/asm/mixin/injection/throwables/InjectionError": 52,
  "org/spongepowered/asm/mixin/injection/throwables/InjectionValidationException": 52,
  "org/spongepowered/asm/mixin/injection/throwables/InvalidInjectionException": 52,
  "org/spongepowered/asm/mixin/injection/throwables/InvalidInjectionPointException": 52,
  "org/spongepowered/asm/mixin/injection/throwables/InvalidSliceException": 52,
  "org/spongepowered/asm/mixin/refmap/IMixinContext": 52,
  "org/spongepowered/asm/mixin/refmap/IReferenceMapper": 52,
  "org/spongepowered/asm/mixin/refmap/ReferenceMapper": 52,
  "org/spongepowered/asm/mixin/refmap/RemappingReferenceMapper": 52,
  "org/spongepowered/asm/mixin/refmap/RemappingReferenceMapper$1": 52,
  "org/spongepowered/asm/mixin/struct/AnnotatedMethodInfo": 52,
  "org/spongepowered/asm/mixin/struct/MemberRef": 52,
  "org/spongepowered/asm/mixin/struct/MemberRef$Field": 52,
  "org/spongepowered/asm/mixin/struct/MemberRef$Handle": 52,
  "org/spongepowered/asm/mixin/struct/MemberRef$Method": 52,
  "org/spongepowered/asm/mixin/struct/SourceMap": 52,
  "org/spongepowered/asm/mixin/struct/SourceMap$File": 52,
  "org/spongepowered/asm/mixin/struct/SourceMap$Stratum": 52,
  "org/spongepowered/asm/mixin/struct/SpecialMethodInfo": 52,
  "org/spongepowered/asm/mixin/throwables/ClassAlreadyLoadedException": 52,
  "org/spongepowered/asm/mixin/throwables/ClassMetadataNotFoundException": 52,
  "org/spongepowered/asm/mixin/throwables/CompanionPluginError": 52,
  "org/spongepowered/asm/mixin/throwables/MixinApplyError": 52,
  "org/spongepowered/asm/mixin/throwables/MixinError": 52,
  "org/spongepowered/asm/mixin/throwables/MixinException": 52,
  "org/spongepowered/asm/mixin/throwables/MixinPrepareError": 52,
  "org/spongepowered/asm/mixin/transformer/ActivityStack": 52,
  "org/spongepowered/asm/mixin/transformer/ActivityStack$Activity": 52,
  "org/spongepowered/asm/mixin/transformer/ClassContext": 52,
  "org/spongepowered/asm/mixin/transformer/ClassInfo": 52,
  "org/spongepowered/asm/mixin/transformer/ClassInfo$Field": 52,
  "org/spongepowered/asm/mixin/transformer/ClassInfo$FrameData": 52,
  "org/spongepowered/asm/mixin/transformer/ClassInfo$InterfaceMethod": 52,
  "org/spongepowered/asm/mixin/transformer/ClassInfo$Member": 52,
  "org/spongepowered/asm/mixin/transformer/ClassInfo$Member$Type": 52,
  "org/spongepowered/asm/mixin/transformer/ClassInfo$Method": 52,
  "org/spongepowered/asm/mixin/transformer/ClassInfo$SearchType": 52,
  "org/spongepowered/asm/mixin/transformer/ClassInfo$Traversal": 52,
  "org/spongepowered/asm/mixin/transformer/ClassInfo$TypeLookup": 52,
  "org/spongepowered/asm/mixin/transformer/Config": 52,
  "org/spongepowered/asm/mixin/transformer/DefaultExtensions": 52,
  "org/spongepowered/asm/mixin/transformer/DefaultExtensions$1": 52,
  "org/spongepowered/asm/mixin/transformer/IMixinTransformer": 52,
  "org/spongepowered/asm/mixin/transformer/InnerClassGenerator": 52,
  "org/spongepowered/asm/mixin/transformer/InnerClassGenerator$InnerClassAdapter": 52,
  "org/spongepowered/asm/mixin/transformer/InnerClassGenerator$InnerClassInfo": 52,
  "org/spongepowered/asm/mixin/transformer/InterfaceInfo": 52,
  "org/spongepowered/asm/mixin/transformer/MethodMapper": 52,
  "org/spongepowered/asm/mixin/transformer/MixinApplicatorInterface": 52,
  "org/spongepowered/asm/mixin/transformer/MixinApplicatorStandard": 52,
  "org/spongepowered/asm/mixin/transformer/MixinApplicatorStandard$1": 52,
  "org/spongepowered/asm/mixin/transformer/MixinApplicatorStandard$ApplicatorPass": 52,
  "org/spongepowered/asm/mixin/transformer/MixinApplicatorStandard$InitialiserInjectionMode": 52,
  "org/spongepowered/asm/mixin/transformer/MixinApplicatorStandard$Range": 52,
  "org/spongepowered/asm/mixin/transformer/MixinClassGenerator": 52,
  "org/spongepowered/asm/mixin/transformer/MixinConfig": 52,
  "org/spongepowered/asm/mixin/transformer/MixinConfig$1": 52,
  "org/spongepowered/asm/mixin/transformer/MixinConfig$IListener": 52,
  "org/spongepowered/asm/mixin/transformer/MixinConfig$InjectorOptions": 52,
  "org/spongepowered/asm/mixin/transformer/MixinConfig$OverwriteOptions": 52,
  "org/spongepowered/asm/mixin/transformer/MixinInfo": 52,
  "org/spongepowered/asm/mixin/transformer/MixinInfo$1": 52,
  "org/spongepowered/asm/mixin/transformer/MixinInfo$DeclaredTarget": 52,
  "org/spongepowered/asm/mixin/transformer/MixinInfo$MixinClassNode": 52,
  "org/spongepowered/asm/mixin/transformer/MixinInfo$MixinMethodNode": 52,
  "org/spongepowered/asm/mixin/transformer/MixinInfo$Reloaded": 52,
  "org/spongepowered/asm/mixin/transformer/MixinInfo$State": 52,
  "org/spongepowered/asm/mixin/transformer/MixinInfo$SubType": 52,
  "org/spongepowered/asm/mixin/transformer/MixinInfo$SubType$Accessor": 52,
  "org/spongepowered/asm/mixin/transformer/MixinInfo$SubType$Interface": 52,
  "org/spongepowered/asm/mixin/transformer/MixinInfo$SubType$Standard": 52,
  "org/spongepowered/asm/mixin/transformer/MixinInfo$Variant": 52,
  "org/spongepowered/asm/mixin/transformer/MixinPostProcessor": 52,
  "org/spongepowered/asm/mixin/transformer/MixinPreProcessorAccessor": 52,
  "org/spongepowered/asm/mixin/transformer/MixinPreProcessorInterface": 52,
  "org/spongepowered/asm/mixin/transformer/MixinPreProcessorStandard": 52,
  "org/spongepowered/asm/mixin/transformer/MixinPreProcessorStandard$SpecialMethod": 52,
  "org/spongepowered/asm/mixin/transformer/MixinProcessor": 52,
  "org/spongepowered/asm/mixin/transformer/MixinProcessor$1": 52,
  "org/spongepowered/asm/mixin/transformer/MixinProcessor$ErrorPhase": 52,
  "org/spongepowered/asm/mixin/transformer/MixinProcessor$ErrorPhase$1": 52,
  "org/spongepowered/asm/mixin/transformer/MixinProcessor$ErrorPhase$2": 52,
  "org/spongepowered/asm/mixin/transformer/MixinTargetContext": 52,
  "org/spongepowered/asm/mixin/transformer/MixinTransformationHandler": 52,
  "org/spongepowered/asm/mixin/transformer/MixinTransformer": 52,
  "org/spongepowered/asm/mixin/transformer/PluginHandle": 52,
  "org/spongepowered/asm/mixin/transformer/PluginHandle$CompatibilityMode": 52,
  "org/spongepowered/asm/mixin/transformer/Proxy": 52,
  "org/spongepowered/asm/mixin/transformer/SyntheticClassInfo": 52,
  "org/spongepowered/asm/mixin/transformer/SyntheticClassRegistry": 52,
  "org/spongepowered/asm/mixin/transformer/TargetClassContext": 52,
  "org/spongepowered/asm/mixin/transformer/debug/RuntimeDecompiler": 52,
  "org/spongepowered/asm/mixin/transformer/debug/RuntimeDecompiler$1": 52,
  "org/spongepowered/asm/mixin/transformer/debug/RuntimeDecompilerAsync": 52,
  "org/spongepowered/asm/mixin/transformer/ext/Extensions": 52,
  "org/spongepowered/asm/mixin/transformer/ext/IClassGenerator": 52,
  "org/spongepowered/asm/mixin/transformer/ext/IDecompiler": 52,
  "org/spongepowered/asm/mixin/transformer/ext/IExtension": 52,
  "org/spongepowered/asm/mixin/transformer/ext/IExtensionRegistry": 52,
  "org/spongepowered/asm/mixin/transformer/ext/IHotSwap": 52,
  "org/spongepowered/asm/mixin/transformer/ext/ITargetClassContext": 52,
  "org/spongepowered/asm/mixin/transformer/ext/extensions/ExtensionCheckClass": 52,
  "org/spongepowered/asm/mixin/transformer/ext/extensions/ExtensionCheckClass$ValidationFailedException": 52,
  "org/spongepowered/asm/mixin/transformer/ext/extensions/ExtensionCheckInterfaces": 52,
  "org/spongepowered/asm/mixin/transformer/ext/extensions/ExtensionClassExporter": 52,
  "org/spongepowered/asm/mixin/transformer/meta/MixinInner": 52,
  "org/spongepowered/asm/mixin/transformer/meta/MixinMerged": 52,
  "org/spongepowered/asm/mixin/transformer/meta/MixinProxy": 52,
  "org/spongepowered/asm/mixin/transformer/meta/MixinRenamed": 52,
  "org/spongepowered/asm/mixin/transformer/throwables/IllegalClassLoadError": 52,
  "org/spongepowered/asm/mixin/transformer/throwables/InvalidInterfaceMixinException": 52,
  "org/spongepowered/asm/mixin/transformer/throwables/InvalidMixinException": 52,
  "org/spongepowered/asm/mixin/transformer/throwables/MixinApplicatorException": 52,
  "org/spongepowered/asm/mixin/transformer/throwables/MixinPreProcessorException": 52,
  "org/spongepowered/asm/mixin/transformer/throwables/MixinReloadException": 52,
  "org/spongepowered/asm/mixin/transformer/throwables/MixinTargetAlreadyLoadedException": 52,
  "org/spongepowered/asm/mixin/transformer/throwables/MixinTransformerError": 52,
  "org/spongepowered/asm/mixin/transformer/throwables/ReEntrantTransformerError": 52,
  "org/spongepowered/asm/obfuscation/RemapperChain": 52,
  "org/spongepowered/asm/obfuscation/mapping/IMapping": 52,
  "org/spongepowered/asm/obfuscation/mapping/IMapping$Type": 52,
  "org/spongepowered/asm/obfuscation/mapping/common/MappingField": 52,
  "org/spongepowered/asm/obfuscation/mapping/common/MappingMethod": 52,
  "org/spongepowered/asm/obfuscation/mapping/mcp/MappingFieldSrg": 52,
  "org/spongepowered/asm/service/IClassBytecodeProvider": 52,
  "org/spongepowered/asm/service/IClassProvider": 52,
  "org/spongepowered/asm/service/IClassTracker": 52,
  "org/spongepowered/asm/service/IGlobalPropertyService": 52,
  "org/spongepowered/asm/service/ILegacyClassTransformer": 52,
  "org/spongepowered/asm/service/IMixinAuditTrail": 52,
  "org/spongepowered/asm/service/IMixinService": 52,
  "org/spongepowered/asm/service/IMixinServiceBootstrap": 52,
  "org/spongepowered/asm/service/IPropertyKey": 52,
  "org/spongepowered/asm/service/ISyntheticClassInfo": 52,
  "org/spongepowered/asm/service/ISyntheticClassRegistry": 52,
  "org/spongepowered/asm/service/ITransformer": 52,
  "org/spongepowered/asm/service/ITransformerProvider": 52,
  "org/spongepowered/asm/service/ITreeClassTransformer": 52,
  "org/spongepowered/asm/service/MixinService": 52,
  "org/spongepowered/asm/service/MixinServiceAbstract": 52,
  "org/spongepowered/asm/service/ServiceInitialisationException": 52,
  "org/spongepowered/asm/service/ServiceNotAvailableError": 52,
  "org/spongepowered/asm/service/ServiceVersionError": 52,
  "org/spongepowered/asm/service/modlauncher/Blackboard": 52,
  "org/spongepowered/asm/service/modlauncher/Blackboard$Key": 52,
  "org/spongepowered/asm/service/modlauncher/MixinServiceModLauncher": 52,
  "org/spongepowered/asm/service/modlauncher/MixinServiceModLauncherBootstrap": 52,
  "org/spongepowered/asm/service/modlauncher/ModLauncherAuditTrail": 52,
  "org/spongepowered/asm/service/modlauncher/ModLauncherClassProvider": 52,
  "org/spongepowered/asm/service/modlauncher/ModLauncherClassTracker": 52,
  "org/spongepowered/asm/service/mojang/Blackboard": 52,
  "org/spongepowered/asm/service/mojang/Blackboard$Key": 52,
  "org/spongepowered/asm/service/mojang/LaunchClassLoaderUtil": 52,
  "org/spongepowered/asm/service/mojang/LegacyTransformerHandle": 52,
  "org/spongepowered/asm/service/mojang/MixinServiceLaunchWrapper": 52,
  "org/spongepowered/asm/service/mojang/MixinServiceLaunchWrapperBootstrap": 52,
  "org/spongepowered/asm/transformers/MixinClassWriter": 52,
  "org/spongepowered/asm/transformers/TreeTransformer": 52,
  "org/spongepowered/asm/util/Annotations": 52,
  "org/spongepowered/asm/util/Annotations$1": 52,
  "org/spongepowered/asm/util/Bytecode": 52,
  "org/spongepowered/asm/util/Bytecode$DelegateInitialiser": 52,
  "org/spongepowered/asm/util/Bytecode$Visibility": 52,
  "org/spongepowered/asm/util/ClassSignature": 52,
  "org/spongepowered/asm/util/ClassSignature$IToken": 52,
  "org/spongepowered/asm/util/ClassSignature$Lazy": 52,
  "org/spongepowered/asm/util/ClassSignature$SignatureParser": 52,
  "org/spongepowered/asm/util/ClassSignature$SignatureParser$BoundElement": 52,
  "org/spongepowered/asm/util/ClassSignature$SignatureParser$FormalParamElement": 52,
  "org/spongepowered/asm/util/ClassSignature$SignatureParser$InterfaceElement": 52,
  "org/spongepowered/asm/util/ClassSignature$SignatureParser$SignatureElement": 52,
  "org/spongepowered/asm/util/ClassSignature$SignatureParser$SuperClassElement": 52,
  "org/spongepowered/asm/util/ClassSignature$SignatureParser$TokenElement": 52,
  "org/spongepowered/asm/util/ClassSignature$SignatureParser$TypeArgElement": 52,
  "org/spongepowered/asm/util/ClassSignature$SignatureRemapper": 52,
  "org/spongepowered/asm/util/ClassSignature$Token": 52,
  "org/spongepowered/asm/util/ClassSignature$TokenHandle": 52,
  "org/spongepowered/asm/util/ClassSignature$TypeVar": 52,
  "org/spongepowered/asm/util/Constants": 52,
  "org/spongepowered/asm/util/Constants$ManifestAttributes": 52,
  "org/spongepowered/asm/util/ConstraintParser": 52,
  "org/spongepowered/asm/util/ConstraintParser$Constraint": 52,
  "org/spongepowered/asm/util/Counter": 52,
  "org/spongepowered/asm/util/IConsumer": 52,
  "org/spongepowered/asm/util/IMessageSink": 52,
  "org/spongepowered/asm/util/ITokenProvider": 52,
  "org/spongepowered/asm/util/JavaVersion": 52,
  "org/spongepowered/asm/util/Locals": 52,
  "org/spongepowered/asm/util/ObfuscationUtil": 52,
  "org/spongepowered/asm/util/ObfuscationUtil$IClassRemapper": 52,
  "org/spongepowered/asm/util/PrettyPrinter": 52,
  "org/spongepowered/asm/util/PrettyPrinter$Alignment": 52,
  "org/spongepowered/asm/util/PrettyPrinter$CentredText": 52,
  "org/spongepowered/asm/util/PrettyPrinter$Column": 52,
  "org/spongepowered/asm/util/PrettyPrinter$HorizontalRule": 52,
  "org/spongepowered/asm/util/PrettyPrinter$IPrettyPrintable": 52,
  "org/spongepowered/asm/util/PrettyPrinter$ISpecialEntry": 52,
  "org/spongepowered/asm/util/PrettyPrinter$IVariableWidthEntry": 52,
  "org/spongepowered/asm/util/PrettyPrinter$KeyValue": 52,
  "org/spongepowered/asm/util/PrettyPrinter$Row": 52,
  "org/spongepowered/asm/util/PrettyPrinter$Table": 52,
  "org/spongepowered/asm/util/ReEntranceLock": 52,
  "org/spongepowered/asm/util/SignaturePrinter": 52,
  "org/spongepowered/asm/util/VersionNumber": 52,
  "org/spongepowered/asm/util/asm/ASM": 52,
  "org/spongepowered/asm/util/asm/ElementNode": 52,
  "org/spongepowered/asm/util/asm/ElementNode$ElementNodeField": 52,
  "org/spongepowered/asm/util/asm/ElementNode$ElementNodeMethod": 52,
  "org/spongepowered/asm/util/asm/MethodNodeEx": 52,
  "org/spongepowered/asm/util/asm/MethodVisitorEx": 52,
  "org/spongepowered/asm/util/asm/MixinVerifier": 52,
  "org/spongepowered/asm/util/logging/MessageRouter": 52,
  "org/spongepowered/asm/util/logging/MessageRouter$1": 52,
  "org/spongepowered/asm/util/logging/MessageRouter$DebugInterceptingMessager": 52,
  "org/spongepowered/asm/util/logging/MessageRouter$LoggingMessager": 52,
  "org/spongepowered/asm/util/perf/Profiler": 52,
  "org/spongepowered/asm/util/perf/Profiler$LiveSection": 52,
  "org/spongepowered/asm/util/perf/Profiler$Section": 52,
  "org/spongepowered/asm/util/perf/Profiler$SubSection": 52,
  "org/spongepowered/asm/util/throwables/ConstraintViolationException": 52,
  "org/spongepowered/asm/util/throwables/InvalidConstraintException": 52,
  "org/spongepowered/asm/util/throwables/LVTGeneratorError": 52,
  "org/spongepowered/asm/util/throwables/SyntheticBridgeException": 52,
  "org/spongepowered/asm/util/throwables/SyntheticBridgeException$1": 52,
  "org/spongepowered/asm/util/throwables/SyntheticBridgeException$Problem": 52,
  "org/spongepowered/tools/agent/MixinAgent": 52,
  "org/spongepowered/tools/agent/MixinAgent$Transformer": 52,
  "org/spongepowered/tools/agent/MixinAgentClassLoader": 52,
  "org/spongepowered/tools/obfuscation/AnnotatedMixin": 52,
  "org/spongepowered/tools/obfuscation/AnnotatedMixinElementHandler": 52,
  "org/spongepowered/tools/obfuscation/AnnotatedMixinElementHandler$AliasedElementName": 52,
  "org/spongepowered/tools/obfuscation/AnnotatedMixinElementHandler$AnnotatedElement": 52,
  "org/spongepowered/tools/obfuscation/AnnotatedMixinElementHandler$ShadowElementName": 52,
  "org/spongepowered/tools/obfuscation/AnnotatedMixinElementHandlerAccessor": 52,
  "org/spongepowered/tools/obfuscation/AnnotatedMixinElementHandlerAccessor$1": 52,
  "org/spongepowered/tools/obfuscation/AnnotatedMixinElementHandlerAccessor$AnnotatedElementAccessor": 52,
  "org/spongepowered/tools/obfuscation/AnnotatedMixinElementHandlerAccessor$AnnotatedElementInvoker": 52,
  "org/spongepowered/tools/obfuscation/AnnotatedMixinElementHandlerInjector": 52,
  "org/spongepowered/tools/obfuscation/AnnotatedMixinElementHandlerInjector$AnnotatedElementInjectionPoint": 52,
  "org/spongepowered/tools/obfuscation/AnnotatedMixinElementHandlerInjector$AnnotatedElementInjector": 52,
  "org/spongepowered/tools/obfuscation/AnnotatedMixinElementHandlerOverwrite": 52,
  "org/spongepowered/tools/obfuscation/AnnotatedMixinElementHandlerOverwrite$AnnotatedElementOverwrite": 52,
  "org/spongepowered/tools/obfuscation/AnnotatedMixinElementHandlerShadow": 52,
  "org/spongepowered/tools/obfuscation/AnnotatedMixinElementHandlerShadow$AnnotatedElementShadow": 52,
  "org/spongepowered/tools/obfuscation/AnnotatedMixinElementHandlerShadow$AnnotatedElementShadowField": 52,
  "org/spongepowered/tools/obfuscation/AnnotatedMixinElementHandlerShadow$AnnotatedElementShadowMethod": 52,
  "org/spongepowered/tools/obfuscation/AnnotatedMixinElementHandlerSoftImplements": 52,
  "org/spongepowered/tools/obfuscation/AnnotatedMixins": 52,
  "org/spongepowered/tools/obfuscation/Mappings": 52,
  "org/spongepowered/tools/obfuscation/Mappings$MappingConflictException": 52,
  "org/spongepowered/tools/obfuscation/Mappings$UniqueMappings": 52,
  "org/spongepowered/tools/obfuscation/MixinObfuscationProcessor": 52,
  "org/spongepowered/tools/obfuscation/MixinObfuscationProcessorInjection": 52,
  "org/spongepowered/tools/obfuscation/MixinObfuscationProcessorTargets": 52,
  "org/spongepowered/tools/obfuscation/MixinValidator": 52,
  "org/spongepowered/tools/obfuscation/ObfuscationData": 52,
  "org/spongepowered/tools/obfuscation/ObfuscationDataProvider": 52,
  "org/spongepowered/tools/obfuscation/ObfuscationEnvironment": 52,
  "org/spongepowered/tools/obfuscation/ObfuscationEnvironment$RemapperProxy": 52,
  "org/spongepowered/tools/obfuscation/ObfuscationManager": 52,
  "org/spongepowered/tools/obfuscation/ObfuscationType": 52,
  "org/spongepowered/tools/obfuscation/ReferenceManager": 52,
  "org/spongepowered/tools/obfuscation/ReferenceManager$ReferenceConflictException": 52,
  "org/spongepowered/tools/obfuscation/SupportedOptions": 52,
  "org/spongepowered/tools/obfuscation/SuppressedBy": 52,
  "org/spongepowered/tools/obfuscation/TargetMap": 52,
  "org/spongepowered/tools/obfuscation/ext/SpecialPackages": 52,
  "org/spongepowered/tools/obfuscation/fg3/ObfuscationEnvironmentFG3": 52,
  "org/spongepowered/tools/obfuscation/fg3/ObfuscationServiceFG3": 52,
  "org/spongepowered/tools/obfuscation/interfaces/IJavadocProvider": 52,
  "org/spongepowered/tools/obfuscation/interfaces/IMessagerSuppressible": 52,
  "org/spongepowered/tools/obfuscation/interfaces/IMixinAnnotationProcessor": 52,
  "org/spongepowered/tools/obfuscation/interfaces/IMixinAnnotationProcessor$CompilerEnvironment": 52,
  "org/spongepowered/tools/obfuscation/interfaces/IMixinValidator": 52,
  "org/spongepowered/tools/obfuscation/interfaces/IMixinValidator$ValidationPass": 52,
  "org/spongepowered/tools/obfuscation/interfaces/IObfuscationDataProvider": 52,
  "org/spongepowered/tools/obfuscation/interfaces/IObfuscationEnvironment": 52,
  "org/spongepowered/tools/obfuscation/interfaces/IObfuscationManager": 52,
  "org/spongepowered/tools/obfuscation/interfaces/IOptionProvider": 52,
  "org/spongepowered/tools/obfuscation/interfaces/IReferenceManager": 52,
  "org/spongepowered/tools/obfuscation/interfaces/ITypeHandleProvider": 52,
  "org/spongepowered/tools/obfuscation/mapping/IMappingConsumer": 52,
  "org/spongepowered/tools/obfuscation/mapping/IMappingConsumer$MappingSet": 52,
  "org/spongepowered/tools/obfuscation/mapping/IMappingConsumer$MappingSet$Pair": 52,
  "org/spongepowered/tools/obfuscation/mapping/IMappingProvider": 52,
  "org/spongepowered/tools/obfuscation/mapping/IMappingWriter": 52,
  "org/spongepowered/tools/obfuscation/mapping/common/MappingProvider": 52,
  "org/spongepowered/tools/obfuscation/mapping/common/MappingWriter": 52,
  "org/spongepowered/tools/obfuscation/mapping/fg3/MappingMethodLazy": 52,
  "org/spongepowered/tools/obfuscation/mapping/fg3/MappingProviderTSrg": 52,
  "org/spongepowered/tools/obfuscation/mapping/fg3/MappingWriterTSrg": 52,
  "org/spongepowered/tools/obfuscation/mapping/mcp/MappingProviderSrg": 52,
  "org/spongepowered/tools/obfuscation/mapping/mcp/MappingProviderSrg$1": 52,
  "org/spongepowered/tools/obfuscation/mapping/mcp/MappingWriterSrg": 52,
  "org/spongepowered/tools/obfuscation/mcp/ObfuscationEnvironmentMCP": 52,
  "org/spongepowered/tools/obfuscation/mcp/ObfuscationServiceMCP": 52,
  "org/spongepowered/tools/obfuscation/mirror/AnnotationHandle": 52,
  "org/spongepowered/tools/obfuscation/mirror/FieldHandle": 52,
  "org/spongepowered/tools/obfuscation/mirror/MemberHandle": 52,
  "org/spongepowered/tools/obfuscation/mirror/MethodHandle": 52,
  "org/spongepowered/tools/obfuscation/mirror/TypeHandle": 52,
  "org/spongepowered/tools/obfuscation/mirror/TypeHandleSimulated": 52,
  "org/spongepowered/tools/obfuscation/mirror/TypeReference": 52,
  "org/spongepowered/tools/obfuscation/mirror/TypeUtils": 52,
  "org/spongepowered/tools/obfuscation/mirror/TypeUtils$1": 52,
  "org/spongepowered/tools/obfuscation/mirror/TypeUtils$Equivalency": 52,
  "org/spongepowered/tools/obfuscation/mirror/TypeUtils$EquivalencyResult": 52,
  "org/spongepowered/tools/obfuscation/mirror/Visibility": 52,
  "org/spongepowered/tools/obfuscation/mirror/mapping/MappingMethodResolvable": 52,
  "org/spongepowered/tools/obfuscation/service/IObfuscationService": 52,
  "org/spongepowered/tools/obfuscation/service/ObfuscationServices": 52,
  "org/spongepowered/tools/obfuscation/service/ObfuscationTypeDescriptor": 52,
  "org/spongepowered/tools/obfuscation/struct/InjectorRemap": 52,
  "org/spongepowered/tools/obfuscation/struct/Message": 52,
  "org/spongepowered/tools/obfuscation/validation/ParentValidator": 52,
  "org/spongepowered/tools/obfuscation/validation/TargetValidator": 52
}