{
  "club/minnced/discord/rpc/DiscordEventHandlers$OnGameUpdate": {
    "name": "club/minnced/discord/rpc/DiscordEventHandlers$OnGameUpdate",
    "interfaces": [
      "com/sun/jna/Callback"
    ]
  },
  "club/minnced/discord/rpc/DiscordEventHandlers$OnJoinRequest": {
    "name": "club/minnced/discord/rpc/DiscordEventHandlers$OnJoinRequest",
    "interfaces": [
      "com/sun/jna/Callback"
    ]
  },
  "club/minnced/discord/rpc/DiscordEventHandlers$OnReady": {
    "name": "club/minnced/discord/rpc/DiscordEventHandlers$OnReady",
    "interfaces": [
      "com/sun/jna/Callback"
    ]
  },
  "club/minnced/discord/rpc/DiscordEventHandlers$OnStatus": {
    "name": "club/minnced/discord/rpc/DiscordEventHandlers$OnStatus",
    "interfaces": [
      "com/sun/jna/Callback"
    ]
  },
  "club/minnced/discord/rpc/DiscordRPC": {
    "name": "club/minnced/discord/rpc/DiscordRPC",
    "interfaces": [
      "com/sun/jna/Library"
    ]
  },
  "com/sun/jna/CallbackProxy": {
    "name": "com/sun/jna/CallbackProxy",
    "interfaces": [
      "com/sun/jna/Callback"
    ]
  },
  "com/sun/jna/CallbackReference$DefaultCallbackProxy": {
    "name": "com/sun/jna/CallbackReference$DefaultCallbackProxy",
    "interfaces": [
      "com/sun/jna/CallbackProxy"
    ]
  },
  "com/sun/jna/CallbackReference$NativeFunctionHandler": {
    "name": "com/sun/jna/CallbackReference$NativeFunctionHandler",
    "interfaces": [
      "java/lang/reflect/InvocationHandler"
    ]
  },
  "com/sun/jna/DefaultTypeMapper": {
    "name": "com/sun/jna/DefaultTypeMapper",
    "interfaces": [
      "com/sun/jna/TypeMapper"
    ]
  },
  "com/sun/jna/Function$NativeMappedArray": {
    "name": "com/sun/jna/Function$NativeMappedArray",
    "interfaces": [
      "com/sun/jna/Function$PostCallRead"
    ]
  },
  "com/sun/jna/Function$PointerArray": {
    "name": "com/sun/jna/Function$PointerArray",
    "interfaces": [
      "com/sun/jna/Function$PostCallRead"
    ]
  },
  "com/sun/jna/IntegerType": {
    "name": "com/sun/jna/IntegerType",
    "interfaces": [
      "com/sun/jna/NativeMapped"
    ]
  },
  "com/sun/jna/Library$Handler": {
    "name": "com/sun/jna/Library$Handler",
    "interfaces": [
      "java/lang/reflect/InvocationHandler"
    ]
  },
  "com/sun/jna/Native": {
    "name": "com/sun/jna/Native",
    "interfaces": [
      "com/sun/jna/Version"
    ]
  },
  "com/sun/jna/Native$1": {
    "name": "com/sun/jna/Native$1",
    "interfaces": [
      "com/sun/jna/Callback$UncaughtExceptionHandler"
    ]
  },
  "com/sun/jna/Native$3": {
    "name": "com/sun/jna/Native$3",
    "interfaces": [
      "java/lang/reflect/InvocationHandler"
    ]
  },
  "com/sun/jna/Native$4": {
    "name": "com/sun/jna/Native$4",
    "interfaces": [
      "java/security/PrivilegedAction"
    ]
  },
  "com/sun/jna/Native$5": {
    "name": "com/sun/jna/Native$5",
    "interfaces": [
      "java/io/FilenameFilter"
    ]
  },
  "com/sun/jna/NativeLibrary$2": {
    "name": "com/sun/jna/NativeLibrary$2",
    "interfaces": [
      "java/io/FilenameFilter"
    ]
  },
  "com/sun/jna/NativeMappedConverter": {
    "name": "com/sun/jna/NativeMappedConverter",
    "interfaces": [
      "com/sun/jna/TypeConverter"
    ]
  },
  "com/sun/jna/NativeString": {
    "name": "com/sun/jna/NativeString",
    "interfaces": [
      "java/lang/CharSequence",
      "java/lang/Comparable"
    ]
  },
  "com/sun/jna/PointerType": {
    "name": "com/sun/jna/PointerType",
    "interfaces": [
      "com/sun/jna/NativeMapped"
    ]
  },
  "com/sun/jna/StringArray": {
    "name": "com/sun/jna/StringArray",
    "interfaces": [
      "com/sun/jna/Function$PostCallRead"
    ]
  },
  "com/sun/jna/Structure$StructureSet": {
    "name": "com/sun/jna/Structure$StructureSet",
    "interfaces": [
      "java/util/Set"
    ]
  },
  "com/sun/jna/TypeConverter": {
    "name": "com/sun/jna/TypeConverter",
    "interfaces": [
      "com/sun/jna/FromNativeConverter",
      "com/sun/jna/ToNativeConverter"
    ]
  },
  "com/sun/jna/WString": {
    "name": "com/sun/jna/WString",
    "interfaces": [
      "java/lang/CharSequence",
      "java/lang/Comparable"
    ]
  },
  "com/sun/jna/win32/DLLCallback": {
    "name": "com/sun/jna/win32/DLLCallback",
    "interfaces": [
      "com/sun/jna/Callback"
    ]
  },
  "com/sun/jna/win32/StdCall": {
    "name": "com/sun/jna/win32/StdCall",
    "interfaces": [
      "com/sun/jna/AltCallingConvention"
    ]
  },
  "com/sun/jna/win32/StdCallFunctionMapper": {
    "name": "com/sun/jna/win32/StdCallFunctionMapper",
    "interfaces": [
      "com/sun/jna/FunctionMapper"
    ]
  },
  "com/sun/jna/win32/StdCallLibrary": {
    "name": "com/sun/jna/win32/StdCallLibrary",
    "interfaces": [
      "com/sun/jna/Library",
      "com/sun/jna/win32/StdCall"
    ]
  },
  "com/sun/jna/win32/StdCallLibrary$StdCallCallback": {
    "name": "com/sun/jna/win32/StdCallLibrary$StdCallCallback",
    "interfaces": [
      "com/sun/jna/Callback",
      "com/sun/jna/win32/StdCall"
    ]
  },
  "com/sun/jna/win32/W32APIFunctionMapper": {
    "name": "com/sun/jna/win32/W32APIFunctionMapper",
    "interfaces": [
      "com/sun/jna/FunctionMapper"
    ]
  },
  "com/sun/jna/win32/W32APIOptions": {
    "name": "com/sun/jna/win32/W32APIOptions",
    "interfaces": [
      "com/sun/jna/win32/StdCallLibrary"
    ]
  },
  "com/sun/jna/win32/W32APITypeMapper$1": {
    "name": "com/sun/jna/win32/W32APITypeMapper$1",
    "interfaces": [
      "com/sun/jna/TypeConverter"
    ]
  },
  "com/sun/jna/win32/W32APITypeMapper$2": {
    "name": "com/sun/jna/win32/W32APITypeMapper$2",
    "interfaces": [
      "com/sun/jna/TypeConverter"
    ]
  },
  "me/bon/badlionplus/BadlionMod": {
    "name": "me/bon/badlionplus/BadlionMod",
    "annotations": [
      {
        "type": "CLASS",
        "name": "Lnet/minecraftforge/fml/common/Mod;",
        "target": "me/bon/badlionplus/BadlionMod",
        "values": {
          "modid": {
            "value": "badlionplus"
          },
          "name": {
            "value": "Badlion+"
          },
          "version": {
            "value": "1.4.3"
          }
        }
      },
      {
        "type": "FIELD",
        "name": "Lnet/minecraftforge/fml/common/Mod$Instance;",
        "target": "INSTANCE"
      },
      {
        "type": "METHOD",
        "name": "Lnet/minecraftforge/fml/common/Mod$EventHandler;",
        "target": "preInit(Lnet/minecraftforge/fml/common/event/FMLPreInitializationEvent;)V"
      },
      {
        "type": "METHOD",
        "name": "Lnet/minecraftforge/fml/common/Mod$EventHandler;",
        "target": "init(Lnet/minecraftforge/fml/common/event/FMLInitializationEvent;)V"
      },
      {
        "type": "METHOD",
        "name": "Lnet/minecraftforge/fml/common/eventhandler/SubscribeEvent;",
        "target": "onKeyPress(Lnet/minecraftforge/fml/common/gameevent/InputEvent$KeyInputEvent;)V"
      }
    ]
  },
  "me/bon/badlionplus/command/CommandManager": {
    "name": "me/bon/badlionplus/command/CommandManager",
    "annotations": [
      {
        "type": "METHOD",
        "name": "Lnet/minecraftforge/fml/common/eventhandler/SubscribeEvent;",
        "target": "chatEvent(Lnet/minecraftforge/client/event/ClientChatEvent;)V",
        "values": {
          "priority": {
            "type": "ENUM",
            "value": "Lnet/minecraftforge/fml/common/eventhandler/EventPriority;/HIGHEST"
          }
        }
      }
    ]
  },
  "me/bon/badlionplus/mixin/MixinLoader": {
    "name": "me/bon/badlionplus/mixin/MixinLoader",
    "interfaces": [
      "net/minecraftforge/fml/relauncher/IFMLLoadingPlugin"
    ],
    "annotations": [
      {
        "type": "CLASS",
        "name": "Lnet/minecraftforge/fml/relauncher/IFMLLoadingPlugin$MCVersion;",
        "target": "me/bon/badlionplus/mixin/MixinLoader",
        "value": {
          "value": "1.12.2"
        }
      }
    ]
  },
  "me/bon/badlionplus/mixin/Mixins/MixinC00Handshake": {
    "name": "me/bon/badlionplus/mixin/Mixins/MixinC00Handshake",
    "annotations": [
      {
        "type": "CLASS",
        "name": "Lorg/spongepowered/asm/mixin/Mixin;",
        "target": "me/bon/badlionplus/mixin/Mixins/MixinC00Handshake",
        "value": {
          "type": "CLASS",
          "values": [
            "Lnet/minecraft/network/handshake/client/C00Handshake;"
          ]
        }
      },
      {
        "type": "FIELD",
        "name": "Lorg/spongepowered/asm/mixin/Shadow;",
        "target": "field_149600_a"
      },
      {
        "type": "FIELD",
        "name": "Lorg/spongepowered/asm/mixin/Shadow;",
        "target": "field_149598_b"
      },
      {
        "type": "FIELD",
        "name": "Lorg/spongepowered/asm/mixin/Shadow;",
        "target": "field_149599_c"
      },
      {
        "type": "FIELD",
        "name": "Lorg/spongepowered/asm/mixin/Shadow;",
        "target": "field_149597_d"
      },
      {
        "type": "SUBTYPE",
        "name": "Lorg/spongepowered/asm/mixin/injection/At;",
        "id": 10,
        "value": {
          "value": "HEAD"
        }
      },
      {
        "type": "METHOD",
        "name": "Lorg/spongepowered/asm/mixin/injection/Inject;",
        "target": "writePacketData(Lnet/minecraft/network/PacketBuffer;Lorg/spongepowered/asm/mixin/injection/callback/CallbackInfo;)V",
        "values": {
          "at": {
            "type": "ANNOTATION",
            "values": [
              "10"
            ]
          },
          "cancellable": {
            "type": "BOOL",
            "value": "true"
          },
          "method": {
            "values": [
              "writePacketData"
            ]
          }
        }
      }
    ]
  },
  "me/bon/badlionplus/mixin/Mixins/MixinGuiMainMenu": {
    "name": "me/bon/badlionplus/mixin/Mixins/MixinGuiMainMenu",
    "annotations": [
      {
        "type": "CLASS",
        "name": "Lorg/spongepowered/asm/mixin/Mixin;",
        "target": "me/bon/badlionplus/mixin/Mixins/MixinGuiMainMenu",
        "value": {
          "type": "CLASS",
          "values": [
            "Lnet/minecraft/client/gui/GuiMainMenu;"
          ]
        }
      },
      {
        "type": "SUBTYPE",
        "name": "Lorg/spongepowered/asm/mixin/injection/At;",
        "id": 16,
        "value": {
          "value": "TAIL"
        }
      },
      {
        "type": "METHOD",
        "name": "Lorg/spongepowered/asm/mixin/injection/Inject;",
        "target": "drawText(IIFLorg/spongepowered/asm/mixin/injection/callback/CallbackInfo;)V",
        "values": {
          "at": {
            "type": "ANNOTATION",
            "values": [
              "16"
            ]
          },
          "cancellable": {
            "type": "BOOL",
            "value": "true"
          },
          "method": {
            "values": [
              "drawScreen"
            ]
          }
        }
      }
    ]
  },
  "me/bon/badlionplus/mixin/Mixins/MixinMovementInputFromOptions": {
    "name": "me/bon/badlionplus/mixin/Mixins/MixinMovementInputFromOptions",
    "annotations": [
      {
        "type": "CLASS",
        "name": "Lorg/spongepowered/asm/mixin/Mixin;",
        "target": "me/bon/badlionplus/mixin/Mixins/MixinMovementInputFromOptions",
        "values": {
          "priority": {
            "type": "INT",
            "value": "10000"
          },
          "value": {
            "type": "CLASS",
            "values": [
              "Lnet/minecraft/util/MovementInputFromOptions;"
            ]
          }
        }
      },
      {
        "type": "SUBTYPE",
        "name": "Lorg/spongepowered/asm/mixin/injection/At;",
        "id": 15,
        "values": {
          "target": {
            "value": "Lnet/minecraft/client/settings/KeyBinding;isKeyDown()Z"
          },
          "value": {
            "value": "INVOKE"
          }
        }
      },
      {
        "type": "METHOD",
        "name": "Lorg/spongepowered/asm/mixin/injection/Redirect;",
        "target": "isKeyPressed(Lnet/minecraft/client/settings/KeyBinding;)Z",
        "values": {
          "at": {
            "type": "ANNOTATION",
            "value": "15"
          },
          "method": {
            "values": [
              "updatePlayerMoveState"
            ]
          }
        }
      }
    ]
  },
  "me/bon/badlionplus/mixin/Mixins/MixinNetworkManager": {
    "name": "me/bon/badlionplus/mixin/Mixins/MixinNetworkManager",
    "annotations": [
      {
        "type": "CLASS",
        "name": "Lorg/spongepowered/asm/mixin/Mixin;",
        "target": "me/bon/badlionplus/mixin/Mixins/MixinNetworkManager",
        "value": {
          "type": "CLASS",
          "values": [
            "Lnet/minecraft/network/NetworkManager;"
          ]
        }
      },
      {
        "type": "SUBTYPE",
        "name": "Lorg/spongepowered/asm/mixin/injection/At;",
        "id": 11,
        "value": {
          "value": "HEAD"
        }
      },
      {
        "type": "METHOD",
        "name": "Lorg/spongepowered/asm/mixin/injection/Inject;",
        "target": "preSendPacket(Lnet/minecraft/network/Packet;Lorg/spongepowered/asm/mixin/injection/callback/CallbackInfo;)V",
        "values": {
          "at": {
            "type": "ANNOTATION",
            "values": [
              "11"
            ]
          },
          "cancellable": {
            "type": "BOOL",
            "value": "true"
          },
          "method": {
            "values": [
              "sendPacket(Lnet/minecraft/network/Packet;)V"
            ]
          }
        }
      },
      {
        "type": "SUBTYPE",
        "name": "Lorg/spongepowered/asm/mixin/injection/At;",
        "id": 12,
        "value": {
          "value": "HEAD"
        }
      },
      {
        "type": "METHOD",
        "name": "Lorg/spongepowered/asm/mixin/injection/Inject;",
        "target": "preChannelRead(Lio/netty/channel/ChannelHandlerContext;Lnet/minecraft/network/Packet;Lorg/spongepowered/asm/mixin/injection/callback/CallbackInfo;)V",
        "values": {
          "at": {
            "type": "ANNOTATION",
            "values": [
              "12"
            ]
          },
          "cancellable": {
            "type": "BOOL",
            "value": "true"
          },
          "method": {
            "values": [
              "channelRead0"
            ]
          }
        }
      },
      {
        "type": "SUBTYPE",
        "name": "Lorg/spongepowered/asm/mixin/injection/At;",
        "id": 13,
        "value": {
          "value": "TAIL"
        }
      },
      {
        "type": "METHOD",
        "name": "Lorg/spongepowered/asm/mixin/injection/Inject;",
        "target": "postSendPacket(Lnet/minecraft/network/Packet;Lorg/spongepowered/asm/mixin/injection/callback/CallbackInfo;)V",
        "values": {
          "at": {
            "type": "ANNOTATION",
            "values": [
              "13"
            ]
          },
          "cancellable": {
            "type": "BOOL",
            "value": "true"
          },
          "method": {
            "values": [
              "sendPacket(Lnet/minecraft/network/Packet;)V"
            ]
          }
        }
      },
      {
        "type": "SUBTYPE",
        "name": "Lorg/spongepowered/asm/mixin/injection/At;",
        "id": 14,
        "value": {
          "value": "TAIL"
        }
      },
      {
        "type": "METHOD",
        "name": "Lorg/spongepowered/asm/mixin/injection/Inject;",
        "target": "postChannelRead(Lio/netty/channel/ChannelHandlerContext;Lnet/minecraft/network/Packet;Lorg/spongepowered/asm/mixin/injection/callback/CallbackInfo;)V",
        "values": {
          "at": {
            "type": "ANNOTATION",
            "values": [
              "14"
            ]
          },
          "cancellable": {
            "type": "BOOL",
            "value": "true"
          },
          "method": {
            "values": [
              "channelRead0"
            ]
          }
        }
      }
    ]
  },
  "me/bon/badlionplus/mixin/Mixins/MixinPlayerControllerMP": {
    "name": "me/bon/badlionplus/mixin/Mixins/MixinPlayerControllerMP",
    "annotations": [
      {
        "type": "CLASS",
        "name": "Lorg/spongepowered/asm/mixin/Mixin;",
        "target": "me/bon/badlionplus/mixin/Mixins/MixinPlayerControllerMP",
        "value": {
          "type": "CLASS",
          "values": [
            "Lnet/minecraft/client/multiplayer/PlayerControllerMP;"
          ]
        }
      },
      {
        "type": "SUBTYPE",
        "name": "Lorg/spongepowered/asm/mixin/injection/At;",
        "id": 17,
        "value": {
          "value": "HEAD"
        }
      },
      {
        "type": "METHOD",
        "name": "Lorg/spongepowered/asm/mixin/injection/Inject;",
        "target": "onPlayerDamageBlock(Lnet/minecraft/util/math/BlockPos;Lnet/minecraft/util/EnumFacing;Lorg/spongepowered/asm/mixin/injection/callback/CallbackInfoReturnable;)V",
        "values": {
          "at": {
            "type": "ANNOTATION",
            "values": [
              "17"
            ]
          },
          "cancellable": {
            "type": "BOOL",
            "value": "true"
          },
          "method": {
            "values": [
              "onPlayerDamageBlock"
            ]
          }
        }
      },
      {
        "type": "SUBTYPE",
        "name": "Lorg/spongepowered/asm/mixin/injection/At;",
        "id": 18,
        "value": {
          "value": "HEAD"
        }
      },
      {
        "type": "METHOD",
        "name": "Lorg/spongepowered/asm/mixin/injection/Inject;",
        "target": "clickBlock(Lnet/minecraft/util/math/BlockPos;Lnet/minecraft/util/EnumFacing;Lorg/spongepowered/asm/mixin/injection/callback/CallbackInfoReturnable;)V",
        "values": {
          "at": {
            "type": "ANNOTATION",
            "values": [
              "18"
            ]
          },
          "cancellable": {
            "type": "BOOL",
            "value": "true"
          },
          "method": {
            "values": [
              "clickBlock"
            ]
          }
        }
      }
    ]
  },
  "me/bon/badlionplus/module/Combat/BedAura": {
    "name": "me/bon/badlionplus/module/Combat/BedAura",
    "annotations": [
      {
        "type": "METHOD",
        "name": "Lnet/minecraftforge/fml/common/eventhandler/SubscribeEvent;",
        "target": "render(Lnet/minecraftforge/client/event/RenderWorldLastEvent;)V"
      }
    ]
  },
  "me/bon/badlionplus/module/Combat/Criticals": {
    "name": "me/bon/badlionplus/module/Combat/Criticals",
    "annotations": [
      {
        "type": "FIELD",
        "name": "Lme/zero/alpine/listener/EventHandler;",
        "target": "sendListener"
      }
    ]
  },
  "me/bon/badlionplus/module/Hud/Arraylist": {
    "name": "me/bon/badlionplus/module/Hud/Arraylist",
    "annotations": [
      {
        "type": "METHOD",
        "name": "Lnet/minecraftforge/fml/common/eventhandler/SubscribeEvent;",
        "target": "onRenderGameOverlay(Lnet/minecraftforge/client/event/RenderGameOverlayEvent;)V"
      }
    ]
  },
  "me/bon/badlionplus/module/Misc/ChatSuffix": {
    "name": "me/bon/badlionplus/module/Misc/ChatSuffix",
    "annotations": [
      {
        "type": "METHOD",
        "name": "Lnet/minecraftforge/fml/common/eventhandler/SubscribeEvent;",
        "target": "onChat(Lnet/minecraftforge/client/event/ClientChatEvent;)V"
      }
    ]
  },
  "me/bon/badlionplus/module/Misc/TotemPopAnnouncer": {
    "name": "me/bon/badlionplus/module/Misc/TotemPopAnnouncer",
    "annotations": [
      {
        "type": "FIELD",
        "name": "Lme/zero/alpine/listener/EventHandler;",
        "target": "listListener"
      },
      {
        "type": "FIELD",
        "name": "Lme/zero/alpine/listener/EventHandler;",
        "target": "popListener"
      }
    ]
  },
  "me/bon/badlionplus/module/Module": {
    "name": "me/bon/badlionplus/module/Module",
    "annotations": [
      {
        "type": "METHOD",
        "name": "Lnet/minecraftforge/fml/common/eventhandler/SubscribeEvent;",
        "target": "gameTickEvent(Lnet/minecraftforge/fml/common/gameevent/TickEvent;)V"
      },
      {
        "type": "METHOD",
        "name": "Lnet/minecraftforge/fml/common/eventhandler/SubscribeEvent;",
        "target": "onWorldRender(Lnet/minecraftforge/client/event/RenderWorldLastEvent;)V"
      }
    ]
  },
  "me/bon/badlionplus/module/Movement/Velocity": {
    "name": "me/bon/badlionplus/module/Movement/Velocity",
    "annotations": [
      {
        "type": "FIELD",
        "name": "Lme/zero/alpine/listener/EventHandler;",
        "target": "receiveListener"
      }
    ]
  },
  "me/bon/badlionplus/module/Player/PacketMine": {
    "name": "me/bon/badlionplus/module/Player/PacketMine",
    "annotations": [
      {
        "type": "FIELD",
        "name": "Lme/zero/alpine/listener/EventHandler;",
        "target": "OnDamageBlock"
      }
    ]
  },
  "me/zero/alpine/EventManager": {
    "name": "me/zero/alpine/EventManager",
    "interfaces": [
      "me/zero/alpine/EventBus"
    ]
  },
  "me/zero/alpine/listener/EventHandler": {
    "name": "me/zero/alpine/listener/EventHandler",
    "interfaces": [
      "java/lang/annotation/Annotation"
    ]
  },
  "me/zero/alpine/listener/Listener": {
    "name": "me/zero/alpine/listener/Listener",
    "interfaces": [
      "me/zero/alpine/listener/EventHook"
    ]
  },
  "net/jodah/typetools/TypeResolver$1": {
    "name": "net/jodah/typetools/TypeResolver$1",
    "interfaces": [
      "java/security/PrivilegedExceptionAction"
    ]
  },
  "org/spongepowered/asm/bridge/RemapperAdapter": {
    "name": "org/spongepowered/asm/bridge/RemapperAdapter",
    "interfaces": [
      "org/spongepowered/asm/mixin/extensibility/IRemapper",
      "org/spongepowered/asm/util/ObfuscationUtil$IClassRemapper"
    ]
  },
  "org/spongepowered/asm/launch/MixinLaunchPlugin": {
    "name": "org/spongepowered/asm/launch/MixinLaunchPlugin",
    "interfaces": [
      "cpw/mods/modlauncher/serviceapi/ILaunchPluginService",
      "org/spongepowered/asm/service/IClassBytecodeProvider"
    ]
  },
  "org/spongepowered/asm/launch/MixinTransformationService": {
    "name": "org/spongepowered/asm/launch/MixinTransformationService",
    "interfaces": [
      "cpw/mods/modlauncher/api/ITransformationService"
    ]
  },
  "org/spongepowered/asm/launch/MixinTweaker": {
    "name": "org/spongepowered/asm/launch/MixinTweaker",
    "interfaces": [
      "net/minecraft/launchwrapper/ITweaker"
    ]
  },
  "org/spongepowered/asm/launch/platform/IMixinPlatformServiceAgent": {
    "name": "org/spongepowered/asm/launch/platform/IMixinPlatformServiceAgent",
    "interfaces": [
      "org/spongepowered/asm/launch/platform/IMixinPlatformAgent"
    ]
  },
  "org/spongepowered/asm/launch/platform/MixinPlatformAgentAbstract": {
    "name": "org/spongepowered/asm/launch/platform/MixinPlatformAgentAbstract",
    "interfaces": [
      "org/spongepowered/asm/launch/platform/IMixinPlatformAgent"
    ]
  },
  "org/spongepowered/asm/launch/platform/MixinPlatformAgentFMLLegacy": {
    "name": "org/spongepowered/asm/launch/platform/MixinPlatformAgentFMLLegacy",
    "interfaces": [
      "org/spongepowered/asm/launch/platform/IMixinPlatformServiceAgent"
    ]
  },
  "org/spongepowered/asm/launch/platform/MixinPlatformAgentLiteLoaderLegacy": {
    "name": "org/spongepowered/asm/launch/platform/MixinPlatformAgentLiteLoaderLegacy",
    "interfaces": [
      "org/spongepowered/asm/launch/platform/IMixinPlatformServiceAgent"
    ]
  },
  "org/spongepowered/asm/launch/platform/MixinPlatformAgentMinecraftForge": {
    "name": "org/spongepowered/asm/launch/platform/MixinPlatformAgentMinecraftForge",
    "interfaces": [
      "org/spongepowered/asm/launch/platform/IMixinPlatformServiceAgent"
    ]
  },
  "org/spongepowered/asm/launch/platform/container/ContainerHandleURI": {
    "name": "org/spongepowered/asm/launch/platform/container/ContainerHandleURI",
    "interfaces": [
      "org/spongepowered/asm/launch/platform/container/IContainerHandle"
    ]
  },
  "org/spongepowered/asm/launch/platform/container/ContainerHandleVirtual": {
    "name": "org/spongepowered/asm/launch/platform/container/ContainerHandleVirtual",
    "interfaces": [
      "org/spongepowered/asm/launch/platform/container/IContainerHandle"
    ]
  },
  "org/spongepowered/asm/mixin/Debug": {
    "name": "org/spongepowered/asm/mixin/Debug",
    "interfaces": [
      "java/lang/annotation/Annotation"
    ]
  },
  "org/spongepowered/asm/mixin/Dynamic": {
    "name": "org/spongepowered/asm/mixin/Dynamic",
    "interfaces": [
      "java/lang/annotation/Annotation"
    ]
  },
  "org/spongepowered/asm/mixin/EnvironmentStateTweaker": {
    "name": "org/spongepowered/asm/mixin/EnvironmentStateTweaker",
    "interfaces": [
      "net/minecraft/launchwrapper/ITweaker"
    ]
  },
  "org/spongepowered/asm/mixin/Final": {
    "name": "org/spongepowered/asm/mixin/Final",
    "interfaces": [
      "java/lang/annotation/Annotation"
    ]
  },
  "org/spongepowered/asm/mixin/Implements": {
    "name": "org/spongepowered/asm/mixin/Implements",
    "interfaces": [
      "java/lang/annotation/Annotation"
    ]
  },
  "org/spongepowered/asm/mixin/Interface": {
    "name": "org/spongepowered/asm/mixin/Interface",
    "interfaces": [
      "java/lang/annotation/Annotation"
    ]
  },
  "org/spongepowered/asm/mixin/Intrinsic": {
    "name": "org/spongepowered/asm/mixin/Intrinsic",
    "interfaces": [
      "java/lang/annotation/Annotation"
    ]
  },
  "org/spongepowered/asm/mixin/Mixin": {
    "name": "org/spongepowered/asm/mixin/Mixin",
    "interfaces": [
      "java/lang/annotation/Annotation"
    ]
  },
  "org/spongepowered/asm/mixin/MixinEnvironment": {
    "name": "org/spongepowered/asm/mixin/MixinEnvironment",
    "interfaces": [
      "org/spongepowered/asm/util/ITokenProvider"
    ]
  },
  "org/spongepowered/asm/mixin/MixinEnvironment$PhaseConsumer": {
    "name": "org/spongepowered/asm/mixin/MixinEnvironment$PhaseConsumer",
    "interfaces": [
      "org/spongepowered/asm/util/IConsumer"
    ]
  },
  "org/spongepowered/asm/mixin/MixinEnvironment$TokenProviderWrapper": {
    "name": "org/spongepowered/asm/mixin/MixinEnvironment$TokenProviderWrapper",
    "interfaces": [
      "java/lang/Comparable"
    ]
  },
  "org/spongepowered/asm/mixin/Mutable": {
    "name": "org/spongepowered/asm/mixin/Mutable",
    "interfaces": [
      "java/lang/annotation/Annotation"
    ]
  },
  "org/spongepowered/asm/mixin/Overwrite": {
    "name": "org/spongepowered/asm/mixin/Overwrite",
    "interfaces": [
      "java/lang/annotation/Annotation"
    ]
  },
  "org/spongepowered/asm/mixin/Pseudo": {
    "name": "org/spongepowered/asm/mixin/Pseudo",
    "interfaces": [
      "java/lang/annotation/Annotation"
    ]
  },
  "org/spongepowered/asm/mixin/Shadow": {
    "name": "org/spongepowered/asm/mixin/Shadow",
    "interfaces": [
      "java/lang/annotation/Annotation"
    ]
  },
  "org/spongepowered/asm/mixin/SoftOverride": {
    "name": "org/spongepowered/asm/mixin/SoftOverride",
    "interfaces": [
      "java/lang/annotation/Annotation"
    ]
  },
  "org/spongepowered/asm/mixin/Unique": {
    "name": "org/spongepowered/asm/mixin/Unique",
    "interfaces": [
      "java/lang/annotation/Annotation"
    ]
  },
  "org/spongepowered/asm/mixin/gen/Accessor": {
    "name": "org/spongepowered/asm/mixin/gen/Accessor",
    "interfaces": [
      "java/lang/annotation/Annotation"
    ]
  },
  "org/spongepowered/asm/mixin/gen/Invoker": {
    "name": "org/spongepowered/asm/mixin/gen/Invoker",
    "interfaces": [
      "java/lang/annotation/Annotation"
    ]
  },
  "org/spongepowered/asm/mixin/injection/At": {
    "name": "org/spongepowered/asm/mixin/injection/At",
    "interfaces": [
      "java/lang/annotation/Annotation"
    ]
  },
  "org/spongepowered/asm/mixin/injection/Coerce": {
    "name": "org/spongepowered/asm/mixin/injection/Coerce",
    "interfaces": [
      "java/lang/annotation/Annotation"
    ]
  },
  "org/spongepowered/asm/mixin/injection/Constant": {
    "name": "org/spongepowered/asm/mixin/injection/Constant",
    "interfaces": [
      "java/lang/annotation/Annotation"
    ]
  },
  "org/spongepowered/asm/mixin/injection/Group": {
    "name": "org/spongepowered/asm/mixin/injection/Group",
    "interfaces": [
      "java/lang/annotation/Annotation"
    ]
  },
  "org/spongepowered/asm/mixin/injection/IInjectionPointContext": {
    "name": "org/spongepowered/asm/mixin/injection/IInjectionPointContext",
    "interfaces": [
      "org/spongepowered/asm/util/IMessageSink"
    ]
  },
  "org/spongepowered/asm/mixin/injection/Inject": {
    "name": "org/spongepowered/asm/mixin/injection/Inject",
    "interfaces": [
      "java/lang/annotation/Annotation"
    ]
  },
  "org/spongepowered/asm/mixin/injection/InjectionPoint$AtCode": {
    "name": "org/spongepowered/asm/mixin/injection/InjectionPoint$AtCode",
    "interfaces": [
      "java/lang/annotation/Annotation"
    ]
  },
  "org/spongepowered/asm/mixin/injection/ModifyArg": {
    "name": "org/spongepowered/asm/mixin/injection/ModifyArg",
    "interfaces": [
      "java/lang/annotation/Annotation"
    ]
  },
  "org/spongepowered/asm/mixin/injection/ModifyArgs": {
    "name": "org/spongepowered/asm/mixin/injection/ModifyArgs",
    "interfaces": [
      "java/lang/annotation/Annotation"
    ]
  },
  "org/spongepowered/asm/mixin/injection/ModifyConstant": {
    "name": "org/spongepowered/asm/mixin/injection/ModifyConstant",
    "interfaces": [
      "java/lang/annotation/Annotation"
    ]
  },
  "org/spongepowered/asm/mixin/injection/ModifyVariable": {
    "name": "org/spongepowered/asm/mixin/injection/ModifyVariable",
    "interfaces": [
      "java/lang/annotation/Annotation"
    ]
  },
  "org/spongepowered/asm/mixin/injection/Redirect": {
    "name": "org/spongepowered/asm/mixin/injection/Redirect",
    "interfaces": [
      "java/lang/annotation/Annotation"
    ]
  },
  "org/spongepowered/asm/mixin/injection/Slice": {
    "name": "org/spongepowered/asm/mixin/injection/Slice",
    "interfaces": [
      "java/lang/annotation/Annotation"
    ]
  },
  "org/spongepowered/asm/mixin/injection/Surrogate": {
    "name": "org/spongepowered/asm/mixin/injection/Surrogate",
    "interfaces": [
      "java/lang/annotation/Annotation"
    ]
  },
  "org/spongepowered/asm/mixin/injection/callback/CallbackInfo": {
    "name": "org/spongepowered/asm/mixin/injection/callback/CallbackInfo",
    "interfaces": [
      "org/spongepowered/asm/mixin/injection/callback/Cancellable"
    ]
  },
  "org/spongepowered/asm/mixin/injection/code/ISliceContext": {
    "name": "org/spongepowered/asm/mixin/injection/code/ISliceContext",
    "interfaces": [
      "org/spongepowered/asm/mixin/injection/IInjectionPointContext"
    ]
  },
  "org/spongepowered/asm/mixin/injection/code/MethodSlice$InsnListSlice$SliceIterator": {
    "name": "org/spongepowered/asm/mixin/injection/code/MethodSlice$InsnListSlice$SliceIterator",
    "interfaces": [
      "java/util/ListIterator"
    ]
  },
  "org/spongepowered/asm/mixin/injection/invoke/arg/ArgsClassGenerator": {
    "name": "org/spongepowered/asm/mixin/injection/invoke/arg/ArgsClassGenerator",
    "interfaces": [
      "org/spongepowered/asm/mixin/transformer/ext/IClassGenerator"
    ]
  },
  "org/spongepowered/asm/mixin/injection/modify/AfterStoreLocal": {
    "name": "org/spongepowered/asm/mixin/injection/modify/AfterStoreLocal",
    "annotations": [
      {
        "type": "CLASS",
        "name": "Lorg/spongepowered/asm/mixin/injection/InjectionPoint$AtCode;",
        "target": "org/spongepowered/asm/mixin/injection/modify/AfterStoreLocal",
        "value": {
          "value": "STORE"
        }
      }
    ]
  },
  "org/spongepowered/asm/mixin/injection/modify/BeforeLoadLocal": {
    "name": "org/spongepowered/asm/mixin/injection/modify/BeforeLoadLocal",
    "annotations": [
      {
        "type": "CLASS",
        "name": "Lorg/spongepowered/asm/mixin/injection/InjectionPoint$AtCode;",
        "target": "org/spongepowered/asm/mixin/injection/modify/BeforeLoadLocal",
        "value": {
          "value": "LOAD"
        }
      }
    ]
  },
  "org/spongepowered/asm/mixin/injection/modify/LocalVariableDiscriminator$Context": {
    "name": "org/spongepowered/asm/mixin/injection/modify/LocalVariableDiscriminator$Context",
    "interfaces": [
      "org/spongepowered/asm/util/PrettyPrinter$IPrettyPrintable"
    ]
  },
  "org/spongepowered/asm/mixin/injection/points/AfterInvoke": {
    "name": "org/spongepowered/asm/mixin/injection/points/AfterInvoke",
    "annotations": [
      {
        "type": "CLASS",
        "name": "Lorg/spongepowered/asm/mixin/injection/InjectionPoint$AtCode;",
        "target": "org/spongepowered/asm/mixin/injection/points/AfterInvoke",
        "value": {
          "value": "INVOKE_ASSIGN"
        }
      }
    ]
  },
  "org/spongepowered/asm/mixin/injection/points/BeforeConstant": {
    "name": "org/spongepowered/asm/mixin/injection/points/BeforeConstant",
    "annotations": [
      {
        "type": "CLASS",
        "name": "Lorg/spongepowered/asm/mixin/injection/InjectionPoint$AtCode;",
        "target": "org/spongepowered/asm/mixin/injection/points/BeforeConstant",
        "value": {
          "value": "CONSTANT"
        }
      }
    ]
  },
  "org/spongepowered/asm/mixin/injection/points/BeforeFieldAccess": {
    "name": "org/spongepowered/asm/mixin/injection/points/BeforeFieldAccess",
    "annotations": [
      {
        "type": "CLASS",
        "name": "Lorg/spongepowered/asm/mixin/injection/InjectionPoint$AtCode;",
        "target": "org/spongepowered/asm/mixin/injection/points/BeforeFieldAccess",
        "value": {
          "value": "FIELD"
        }
      }
    ]
  },
  "org/spongepowered/asm/mixin/injection/points/BeforeFinalReturn": {
    "name": "org/spongepowered/asm/mixin/injection/points/BeforeFinalReturn",
    "annotations": [
      {
        "type": "CLASS",
        "name": "Lorg/spongepowered/asm/mixin/injection/InjectionPoint$AtCode;",
        "target": "org/spongepowered/asm/mixin/injection/points/BeforeFinalReturn",
        "value": {
          "value": "TAIL"
        }
      }
    ]
  },
  "org/spongepowered/asm/mixin/injection/points/BeforeInvoke": {
    "name": "org/spongepowered/asm/mixin/injection/points/BeforeInvoke",
    "annotations": [
      {
        "type": "CLASS",
        "name": "Lorg/spongepowered/asm/mixin/injection/InjectionPoint$AtCode;",
        "target": "org/spongepowered/asm/mixin/injection/points/BeforeInvoke",
        "value": {
          "value": "INVOKE"
        }
      }
    ]
  },
  "org/spongepowered/asm/mixin/injection/points/BeforeNew": {
    "name": "org/spongepowered/asm/mixin/injection/points/BeforeNew",
    "annotations": [
      {
        "type": "CLASS",
        "name": "Lorg/spongepowered/asm/mixin/injection/InjectionPoint$AtCode;",
        "target": "org/spongepowered/asm/mixin/injection/points/BeforeNew",
        "value": {
          "value": "NEW"
        }
      }
    ]
  },
  "org/spongepowered/asm/mixin/injection/points/BeforeReturn": {
    "name": "org/spongepowered/asm/mixin/injection/points/BeforeReturn",
    "annotations": [
      {
        "type": "CLASS",
        "name": "Lorg/spongepowered/asm/mixin/injection/InjectionPoint$AtCode;",
        "target": "org/spongepowered/asm/mixin/injection/points/BeforeReturn",
        "value": {
          "value": "RETURN"
        }
      }
    ]
  },
  "org/spongepowered/asm/mixin/injection/points/BeforeStringInvoke": {
    "name": "org/spongepowered/asm/mixin/injection/points/BeforeStringInvoke",
    "annotations": [
      {
        "type": "CLASS",
        "name": "Lorg/spongepowered/asm/mixin/injection/InjectionPoint$AtCode;",
        "target": "org/spongepowered/asm/mixin/injection/points/BeforeStringInvoke",
        "value": {
          "value": "INVOKE_STRING"
        }
      }
    ]
  },
  "org/spongepowered/asm/mixin/injection/points/JumpInsnPoint": {
    "name": "org/spongepowered/asm/mixin/injection/points/JumpInsnPoint",
    "annotations": [
      {
        "type": "CLASS",
        "name": "Lorg/spongepowered/asm/mixin/injection/InjectionPoint$AtCode;",
        "target": "org/spongepowered/asm/mixin/injection/points/JumpInsnPoint",
        "value": {
          "value": "JUMP"
        }
      }
    ]
  },
  "org/spongepowered/asm/mixin/injection/points/MethodHead": {
    "name": "org/spongepowered/asm/mixin/injection/points/MethodHead",
    "annotations": [
      {
        "type": "CLASS",
        "name": "Lorg/spongepowered/asm/mixin/injection/InjectionPoint$AtCode;",
        "target": "org/spongepowered/asm/mixin/injection/points/MethodHead",
        "value": {
          "value": "HEAD"
        }
      }
    ]
  },
  "org/spongepowered/asm/mixin/injection/selectors/ITargetSelectorByName": {
    "name": "org/spongepowered/asm/mixin/injection/selectors/ITargetSelectorByName",
    "interfaces": [
      "org/spongepowered/asm/mixin/injection/selectors/ITargetSelector"
    ]
  },
  "org/spongepowered/asm/mixin/injection/selectors/ITargetSelectorConstructor": {
    "name": "org/spongepowered/asm/mixin/injection/selectors/ITargetSelectorConstructor",
    "interfaces": [
      "org/spongepowered/asm/mixin/injection/selectors/ITargetSelectorByName"
    ]
  },
  "org/spongepowered/asm/mixin/injection/selectors/ITargetSelectorRemappable": {
    "name": "org/spongepowered/asm/mixin/injection/selectors/ITargetSelectorRemappable",
    "interfaces": [
      "org/spongepowered/asm/mixin/injection/selectors/ITargetSelectorByName"
    ]
  },
  "org/spongepowered/asm/mixin/injection/struct/CallbackInjectionInfo": {
    "name": "org/spongepowered/asm/mixin/injection/struct/CallbackInjectionInfo",
    "annotations": [
      {
        "type": "CLASS",
        "name": "Lorg/spongepowered/asm/mixin/injection/struct/InjectionInfo$AnnotationType;",
        "target": "org/spongepowered/asm/mixin/injection/struct/CallbackInjectionInfo",
        "value": {
          "type": "CLASS",
          "value": "Lorg/spongepowered/asm/mixin/injection/Inject;"
        }
      }
    ]
  },
  "org/spongepowered/asm/mixin/injection/struct/InjectionInfo": {
    "name": "org/spongepowered/asm/mixin/injection/struct/InjectionInfo",
    "interfaces": [
      "org/spongepowered/asm/mixin/injection/code/ISliceContext"
    ]
  },
  "org/spongepowered/asm/mixin/injection/struct/InjectionInfo$AnnotationType": {
    "name": "org/spongepowered/asm/mixin/injection/struct/InjectionInfo$AnnotationType",
    "interfaces": [
      "java/lang/annotation/Annotation"
    ]
  },
  "org/spongepowered/asm/mixin/injection/struct/InjectionInfo$HandlerPrefix": {
    "name": "org/spongepowered/asm/mixin/injection/struct/InjectionInfo$HandlerPrefix",
    "interfaces": [
      "java/lang/annotation/Annotation"
    ]
  },
  "org/spongepowered/asm/mixin/injection/struct/InjectionNodes$InjectionNode": {
    "name": "org/spongepowered/asm/mixin/injection/struct/InjectionNodes$InjectionNode",
    "interfaces": [
      "java/lang/Comparable"
    ]
  },
  "org/spongepowered/asm/mixin/injection/struct/MemberInfo": {
    "name": "org/spongepowered/asm/mixin/injection/struct/MemberInfo",
    "interfaces": [
      "org/spongepowered/asm/mixin/injection/selectors/ITargetSelectorRemappable",
      "org/spongepowered/asm/mixin/injection/selectors/ITargetSelectorConstructor"
    ]
  },
  "org/spongepowered/asm/mixin/injection/struct/ModifyArgInjectionInfo": {
    "name": "org/spongepowered/asm/mixin/injection/struct/ModifyArgInjectionInfo",
    "annotations": [
      {
        "type": "CLASS",
        "name": "Lorg/spongepowered/asm/mixin/injection/struct/InjectionInfo$AnnotationType;",
        "target": "org/spongepowered/asm/mixin/injection/struct/ModifyArgInjectionInfo",
        "value": {
          "type": "CLASS",
          "value": "Lorg/spongepowered/asm/mixin/injection/ModifyArg;"
        }
      },
      {
        "type": "CLASS",
        "name": "Lorg/spongepowered/asm/mixin/injection/struct/InjectionInfo$HandlerPrefix;",
        "target": "org/spongepowered/asm/mixin/injection/struct/ModifyArgInjectionInfo",
        "value": {
          "value": "modify"
        }
      }
    ]
  },
  "org/spongepowered/asm/mixin/injection/struct/ModifyArgsInjectionInfo": {
    "name": "org/spongepowered/asm/mixin/injection/struct/ModifyArgsInjectionInfo",
    "annotations": [
      {
        "type": "CLASS",
        "name": "Lorg/spongepowered/asm/mixin/injection/struct/InjectionInfo$AnnotationType;",
        "target": "org/spongepowered/asm/mixin/injection/struct/ModifyArgsInjectionInfo",
        "value": {
          "type": "CLASS",
          "value": "Lorg/spongepowered/asm/mixin/injection/ModifyArgs;"
        }
      },
      {
        "type": "CLASS",
        "name": "Lorg/spongepowered/asm/mixin/injection/struct/InjectionInfo$HandlerPrefix;",
        "target": "org/spongepowered/asm/mixin/injection/struct/ModifyArgsInjectionInfo",
        "value": {
          "value": "args"
        }
      }
    ]
  },
  "org/spongepowered/asm/mixin/injection/struct/ModifyConstantInjectionInfo": {
    "name": "org/spongepowered/asm/mixin/injection/struct/ModifyConstantInjectionInfo",
    "annotations": [
      {
        "type": "CLASS",
        "name": "Lorg/spongepowered/asm/mixin/injection/struct/InjectionInfo$AnnotationType;",
        "target": "org/spongepowered/asm/mixin/injection/struct/ModifyConstantInjectionInfo",
        "value": {
          "type": "CLASS",
          "value": "Lorg/spongepowered/asm/mixin/injection/ModifyConstant;"
        }
      },
      {
        "type": "CLASS",
        "name": "Lorg/spongepowered/asm/mixin/injection/struct/InjectionInfo$HandlerPrefix;",
        "target": "org/spongepowered/asm/mixin/injection/struct/ModifyConstantInjectionInfo",
        "value": {
          "value": "constant"
        }
      }
    ]
  },
  "org/spongepowered/asm/mixin/injection/struct/ModifyVariableInjectionInfo": {
    "name": "org/spongepowered/asm/mixin/injection/struct/ModifyVariableInjectionInfo",
    "annotations": [
      {
        "type": "CLASS",
        "name": "Lorg/spongepowered/asm/mixin/injection/struct/InjectionInfo$AnnotationType;",
        "target": "org/spongepowered/asm/mixin/injection/struct/ModifyVariableInjectionInfo",
        "value": {
          "type": "CLASS",
          "value": "Lorg/spongepowered/asm/mixin/injection/ModifyVariable;"
        }
      },
      {
        "type": "CLASS",
        "name": "Lorg/spongepowered/asm/mixin/injection/struct/InjectionInfo$HandlerPrefix;",
        "target": "org/spongepowered/asm/mixin/injection/struct/ModifyVariableInjectionInfo",
        "value": {
          "value": "localvar"
        }
      }
    ]
  },
  "org/spongepowered/asm/mixin/injection/struct/RedirectInjectionInfo": {
    "name": "org/spongepowered/asm/mixin/injection/struct/RedirectInjectionInfo",
    "annotations": [
      {
        "type": "CLASS",
        "name": "Lorg/spongepowered/asm/mixin/injection/struct/InjectionInfo$AnnotationType;",
        "target": "org/spongepowered/asm/mixin/injection/struct/RedirectInjectionInfo",
        "value": {
          "type": "CLASS",
          "value": "Lorg/spongepowered/asm/mixin/injection/Redirect;"
        }
      },
      {
        "type": "CLASS",
        "name": "Lorg/spongepowered/asm/mixin/injection/struct/InjectionInfo$HandlerPrefix;",
        "target": "org/spongepowered/asm/mixin/injection/struct/RedirectInjectionInfo",
        "value": {
          "value": "redirect"
        }
      }
    ]
  },
  "org/spongepowered/asm/mixin/injection/struct/Target": {
    "name": "org/spongepowered/asm/mixin/injection/struct/Target",
    "interfaces": [
      "java/lang/Comparable",
      "java/lang/Iterable"
    ]
  },
  "org/spongepowered/asm/mixin/refmap/ReferenceMapper": {
    "name": "org/spongepowered/asm/mixin/refmap/ReferenceMapper",
    "interfaces": [
      "org/spongepowered/asm/mixin/refmap/IReferenceMapper",
      "java/io/Serializable"
    ]
  },
  "org/spongepowered/asm/mixin/refmap/RemappingReferenceMapper": {
    "name": "org/spongepowered/asm/mixin/refmap/RemappingReferenceMapper",
    "interfaces": [
      "org/spongepowered/asm/mixin/refmap/IReferenceMapper"
    ]
  },
  "org/spongepowered/asm/mixin/refmap/RemappingReferenceMapper$1": {
    "name": "org/spongepowered/asm/mixin/refmap/RemappingReferenceMapper$1",
    "interfaces": [
      "com/google/common/io/LineProcessor"
    ]
  },
  "org/spongepowered/asm/mixin/struct/AnnotatedMethodInfo": {
    "name": "org/spongepowered/asm/mixin/struct/AnnotatedMethodInfo",
    "interfaces": [
      "org/spongepowered/asm/mixin/injection/IInjectionPointContext"
    ]
  },
  "org/spongepowered/asm/mixin/transformer/DefaultExtensions$1": {
    "name": "org/spongepowered/asm/mixin/transformer/DefaultExtensions$1",
    "interfaces": [
      "org/spongepowered/asm/util/IConsumer"
    ]
  },
  "org/spongepowered/asm/mixin/transformer/InnerClassGenerator": {
    "name": "org/spongepowered/asm/mixin/transformer/InnerClassGenerator",
    "interfaces": [
      "org/spongepowered/asm/mixin/transformer/ext/IClassGenerator"
    ]
  },
  "org/spongepowered/asm/mixin/transformer/InnerClassGenerator$InnerClassInfo": {
    "name": "org/spongepowered/asm/mixin/transformer/InnerClassGenerator$InnerClassInfo",
    "interfaces": [
      "org/spongepowered/asm/service/ISyntheticClassInfo"
    ]
  },
  "org/spongepowered/asm/mixin/transformer/MixinConfig": {
    "name": "org/spongepowered/asm/mixin/transformer/MixinConfig",
    "interfaces": [
      "java/lang/Comparable",
      "org/spongepowered/asm/mixin/extensibility/IMixinConfig"
    ],
    "annotations": [
      {
        "type": "FIELD",
        "name": "Lcom/google/gson/annotations/SerializedName;",
        "target": "parentName",
        "value": {
          "value": "parent"
        }
      },
      {
        "type": "FIELD",
        "name": "Lcom/google/gson/annotations/SerializedName;",
        "target": "selector",
        "value": {
          "value": "target"
        }
      },
      {
        "type": "FIELD",
        "name": "Lcom/google/gson/annotations/SerializedName;",
        "target": "version",
        "value": {
          "value": "minVersion"
        }
      },
      {
        "type": "FIELD",
        "name": "Lcom/google/gson/annotations/SerializedName;",
        "target": "compatibility",
        "value": {
          "value": "compatibilityLevel"
        }
      },
      {
        "type": "FIELD",
        "name": "Lcom/google/gson/annotations/SerializedName;",
        "target": "requiredValue",
        "value": {
          "value": "required"
        }
      },
      {
        "type": "FIELD",
        "name": "Lcom/google/gson/annotations/SerializedName;",
        "target": "priority",
        "value": {
          "value": "priority"
        }
      },
      {
        "type": "FIELD",
        "name": "Lcom/google/gson/annotations/SerializedName;",
        "target": "mixinPriority",
        "value": {
          "value": "mixinPriority"
        }
      },
      {
        "type": "FIELD",
        "name": "Lcom/google/gson/annotations/SerializedName;",
        "target": "mixinPackage",
        "value": {
          "value": "package"
        }
      },
      {
        "type": "FIELD",
        "name": "Lcom/google/gson/annotations/SerializedName;",
        "target": "mixinClasses",
        "value": {
          "value": "mixins"
        }
      },
      {
        "type": "FIELD",
        "name": "Lcom/google/gson/annotations/SerializedName;",
        "target": "mixinClassesClient",
        "value": {
          "value": "client"
        }
      },
      {
        "type": "FIELD",
        "name": "Lcom/google/gson/annotations/SerializedName;",
        "target": "mixinClassesServer",
        "value": {
          "value": "server"
        }
      },
      {
        "type": "FIELD",
        "name": "Lcom/google/gson/annotations/SerializedName;",
        "target": "setSourceFile",
        "value": {
          "value": "setSourceFile"
        }
      },
      {
        "type": "FIELD",
        "name": "Lcom/google/gson/annotations/SerializedName;",
        "target": "refMapperConfig",
        "value": {
          "value": "refmap"
        }
      },
      {
        "type": "FIELD",
        "name": "Lcom/google/gson/annotations/SerializedName;",
        "target": "verboseLogging",
        "value": {
          "value": "verbose"
        }
      },
      {
        "type": "FIELD",
        "name": "Lcom/google/gson/annotations/SerializedName;",
        "target": "pluginClassName",
        "value": {
          "value": "plugin"
        }
      },
      {
        "type": "FIELD",
        "name": "Lcom/google/gson/annotations/SerializedName;",
        "target": "injectorOptions",
        "value": {
          "value": "injectors"
        }
      },
      {
        "type": "FIELD",
        "name": "Lcom/google/gson/annotations/SerializedName;",
        "target": "overwriteOptions",
        "value": {
          "value": "overwrites"
        }
      }
    ]
  },
  "org/spongepowered/asm/mixin/transformer/MixinConfig$InjectorOptions": {
    "name": "org/spongepowered/asm/mixin/transformer/MixinConfig$InjectorOptions",
    "annotations": [
      {
        "type": "FIELD",
        "name": "Lcom/google/gson/annotations/SerializedName;",
        "target": "defaultRequireValue",
        "value": {
          "value": "defaultRequire"
        }
      },
      {
        "type": "FIELD",
        "name": "Lcom/google/gson/annotations/SerializedName;",
        "target": "defaultGroup",
        "value": {
          "value": "defaultGroup"
        }
      },
      {
        "type": "FIELD",
        "name": "Lcom/google/gson/annotations/SerializedName;",
        "target": "injectionPoints",
        "value": {
          "value": "injectionPoints"
        }
      },
      {
        "type": "FIELD",
        "name": "Lcom/google/gson/annotations/SerializedName;",
        "target": "maxShiftBy",
        "value": {
          "value": "maxShiftBy"
        }
      }
    ]
  },
  "org/spongepowered/asm/mixin/transformer/MixinConfig$OverwriteOptions": {
    "name": "org/spongepowered/asm/mixin/transformer/MixinConfig$OverwriteOptions",
    "annotations": [
      {
        "type": "FIELD",
        "name": "Lcom/google/gson/annotations/SerializedName;",
        "target": "conformAccessModifiers",
        "value": {
          "value": "conformVisibility"
        }
      },
      {
        "type": "FIELD",
        "name": "Lcom/google/gson/annotations/SerializedName;",
        "target": "requireOverwriteAnnotations",
        "value": {
          "value": "requireAnnotations"
        }
      }
    ]
  },
  "org/spongepowered/asm/mixin/transformer/MixinInfo": {
    "name": "org/spongepowered/asm/mixin/transformer/MixinInfo",
    "interfaces": [
      "java/lang/Comparable",
      "org/spongepowered/asm/mixin/extensibility/IMixinInfo"
    ]
  },
  "org/spongepowered/asm/mixin/transformer/MixinPostProcessor": {
    "name": "org/spongepowered/asm/mixin/transformer/MixinPostProcessor",
    "interfaces": [
      "org/spongepowered/asm/mixin/transformer/MixinConfig$IListener"
    ]
  },
  "org/spongepowered/asm/mixin/transformer/MixinProcessor$1": {
    "name": "org/spongepowered/asm/mixin/transformer/MixinProcessor$1",
    "interfaces": [
      "org/spongepowered/asm/mixin/transformer/MixinConfig$IListener"
    ]
  },
  "org/spongepowered/asm/mixin/transformer/MixinTargetContext": {
    "name": "org/spongepowered/asm/mixin/transformer/MixinTargetContext",
    "interfaces": [
      "org/spongepowered/asm/mixin/refmap/IMixinContext"
    ]
  },
  "org/spongepowered/asm/mixin/transformer/MixinTransformationHandler": {
    "name": "org/spongepowered/asm/mixin/transformer/MixinTransformationHandler",
    "interfaces": [
      "org/spongepowered/asm/launch/IClassProcessor"
    ]
  },
  "org/spongepowered/asm/mixin/transformer/MixinTransformer": {
    "name": "org/spongepowered/asm/mixin/transformer/MixinTransformer",
    "interfaces": [
      "org/spongepowered/asm/mixin/transformer/IMixinTransformer"
    ]
  },
  "org/spongepowered/asm/mixin/transformer/Proxy": {
    "name": "org/spongepowered/asm/mixin/transformer/Proxy",
    "interfaces": [
      "net/minecraft/launchwrapper/IClassTransformer",
      "org/spongepowered/asm/service/ILegacyClassTransformer"
    ]
  },
  "org/spongepowered/asm/mixin/transformer/SyntheticClassInfo": {
    "name": "org/spongepowered/asm/mixin/transformer/SyntheticClassInfo",
    "interfaces": [
      "org/spongepowered/asm/service/ISyntheticClassInfo"
    ]
  },
  "org/spongepowered/asm/mixin/transformer/SyntheticClassRegistry": {
    "name": "org/spongepowered/asm/mixin/transformer/SyntheticClassRegistry",
    "interfaces": [
      "org/spongepowered/asm/service/ISyntheticClassRegistry"
    ]
  },
  "org/spongepowered/asm/mixin/transformer/TargetClassContext": {
    "name": "org/spongepowered/asm/mixin/transformer/TargetClassContext",
    "interfaces": [
      "org/spongepowered/asm/mixin/transformer/ext/ITargetClassContext"
    ]
  },
  "org/spongepowered/asm/mixin/transformer/debug/RuntimeDecompiler": {
    "name": "org/spongepowered/asm/mixin/transformer/debug/RuntimeDecompiler",
    "interfaces": [
      "org/spongepowered/asm/mixin/transformer/ext/IDecompiler",
      "org/jetbrains/java/decompiler/main/extern/IResultSaver"
    ]
  },
  "org/spongepowered/asm/mixin/transformer/debug/RuntimeDecompiler$1": {
    "name": "org/spongepowered/asm/mixin/transformer/debug/RuntimeDecompiler$1",
    "interfaces": [
      "org/jetbrains/java/decompiler/main/extern/IBytecodeProvider"
    ]
  },
  "org/spongepowered/asm/mixin/transformer/debug/RuntimeDecompilerAsync": {
    "name": "org/spongepowered/asm/mixin/transformer/debug/RuntimeDecompilerAsync",
    "interfaces": [
      "java/lang/Runnable",
      "java/lang/Thread$UncaughtExceptionHandler"
    ]
  },
  "org/spongepowered/asm/mixin/transformer/ext/Extensions": {
    "name": "org/spongepowered/asm/mixin/transformer/ext/Extensions",
    "interfaces": [
      "org/spongepowered/asm/mixin/transformer/ext/IExtensionRegistry"
    ]
  },
  "org/spongepowered/asm/mixin/transformer/ext/extensions/ExtensionCheckClass": {
    "name": "org/spongepowered/asm/mixin/transformer/ext/extensions/ExtensionCheckClass",
    "interfaces": [
      "org/spongepowered/asm/mixin/transformer/ext/IExtension"
    ]
  },
  "org/spongepowered/asm/mixin/transformer/ext/extensions/ExtensionCheckInterfaces": {
    "name": "org/spongepowered/asm/mixin/transformer/ext/extensions/ExtensionCheckInterfaces",
    "interfaces": [
      "org/spongepowered/asm/mixin/transformer/ext/IExtension"
    ]
  },
  "org/spongepowered/asm/mixin/transformer/ext/extensions/ExtensionClassExporter": {
    "name": "org/spongepowered/asm/mixin/transformer/ext/extensions/ExtensionClassExporter",
    "interfaces": [
      "org/spongepowered/asm/mixin/transformer/ext/IExtension"
    ]
  },
  "org/spongepowered/asm/mixin/transformer/meta/MixinInner": {
    "name": "org/spongepowered/asm/mixin/transformer/meta/MixinInner",
    "interfaces": [
      "java/lang/annotation/Annotation"
    ]
  },
  "org/spongepowered/asm/mixin/transformer/meta/MixinMerged": {
    "name": "org/spongepowered/asm/mixin/transformer/meta/MixinMerged",
    "interfaces": [
      "java/lang/annotation/Annotation"
    ]
  },
  "org/spongepowered/asm/mixin/transformer/meta/MixinProxy": {
    "name": "org/spongepowered/asm/mixin/transformer/meta/MixinProxy",
    "interfaces": [
      "java/lang/annotation/Annotation"
    ]
  },
  "org/spongepowered/asm/mixin/transformer/meta/MixinRenamed": {
    "name": "org/spongepowered/asm/mixin/transformer/meta/MixinRenamed",
    "interfaces": [
      "java/lang/annotation/Annotation"
    ]
  },
  "org/spongepowered/asm/obfuscation/RemapperChain": {
    "name": "org/spongepowered/asm/obfuscation/RemapperChain",
    "interfaces": [
      "org/spongepowered/asm/mixin/extensibility/IRemapper"
    ]
  },
  "org/spongepowered/asm/obfuscation/mapping/common/MappingField": {
    "name": "org/spongepowered/asm/obfuscation/mapping/common/MappingField",
    "interfaces": [
      "org/spongepowered/asm/obfuscation/mapping/IMapping"
    ]
  },
  "org/spongepowered/asm/obfuscation/mapping/common/MappingMethod": {
    "name": "org/spongepowered/asm/obfuscation/mapping/common/MappingMethod",
    "interfaces": [
      "org/spongepowered/asm/obfuscation/mapping/IMapping"
    ]
  },
  "org/spongepowered/asm/service/ILegacyClassTransformer": {
    "name": "org/spongepowered/asm/service/ILegacyClassTransformer",
    "interfaces": [
      "org/spongepowered/asm/service/ITransformer"
    ]
  },
  "org/spongepowered/asm/service/ITreeClassTransformer": {
    "name": "org/spongepowered/asm/service/ITreeClassTransformer",
    "interfaces": [
      "org/spongepowered/asm/service/ITransformer"
    ]
  },
  "org/spongepowered/asm/service/MixinServiceAbstract": {
    "name": "org/spongepowered/asm/service/MixinServiceAbstract",
    "interfaces": [
      "org/spongepowered/asm/service/IMixinService"
    ]
  },
  "org/spongepowered/asm/service/modlauncher/Blackboard": {
    "name": "org/spongepowered/asm/service/modlauncher/Blackboard",
    "interfaces": [
      "org/spongepowered/asm/service/IGlobalPropertyService"
    ]
  },
  "org/spongepowered/asm/service/modlauncher/Blackboard$Key": {
    "name": "org/spongepowered/asm/service/modlauncher/Blackboard$Key",
    "interfaces": [
      "org/spongepowered/asm/service/IPropertyKey"
    ]
  },
  "org/spongepowered/asm/service/modlauncher/MixinServiceModLauncherBootstrap": {
    "name": "org/spongepowered/asm/service/modlauncher/MixinServiceModLauncherBootstrap",
    "interfaces": [
      "org/spongepowered/asm/service/IMixinServiceBootstrap"
    ]
  },
  "org/spongepowered/asm/service/modlauncher/ModLauncherAuditTrail": {
    "name": "org/spongepowered/asm/service/modlauncher/ModLauncherAuditTrail",
    "interfaces": [
      "org/spongepowered/asm/service/IMixinAuditTrail"
    ]
  },
  "org/spongepowered/asm/service/modlauncher/ModLauncherClassProvider": {
    "name": "org/spongepowered/asm/service/modlauncher/ModLauncherClassProvider",
    "interfaces": [
      "org/spongepowered/asm/service/IClassProvider"
    ]
  },
  "org/spongepowered/asm/service/modlauncher/ModLauncherClassTracker": {
    "name": "org/spongepowered/asm/service/modlauncher/ModLauncherClassTracker",
    "interfaces": [
      "org/spongepowered/asm/launch/IClassProcessor",
      "org/spongepowered/asm/service/IClassTracker"
    ]
  },
  "org/spongepowered/asm/service/mojang/Blackboard": {
    "name": "org/spongepowered/asm/service/mojang/Blackboard",
    "interfaces": [
      "org/spongepowered/asm/service/IGlobalPropertyService"
    ]
  },
  "org/spongepowered/asm/service/mojang/Blackboard$Key": {
    "name": "org/spongepowered/asm/service/mojang/Blackboard$Key",
    "interfaces": [
      "org/spongepowered/asm/service/IPropertyKey"
    ]
  },
  "org/spongepowered/asm/service/mojang/LaunchClassLoaderUtil": {
    "name": "org/spongepowered/asm/service/mojang/LaunchClassLoaderUtil",
    "interfaces": [
      "org/spongepowered/asm/service/IClassTracker"
    ]
  },
  "org/spongepowered/asm/service/mojang/LegacyTransformerHandle": {
    "name": "org/spongepowered/asm/service/mojang/LegacyTransformerHandle",
    "interfaces": [
      "org/spongepowered/asm/service/ILegacyClassTransformer"
    ]
  },
  "org/spongepowered/asm/service/mojang/MixinServiceLaunchWrapper": {
    "name": "org/spongepowered/asm/service/mojang/MixinServiceLaunchWrapper",
    "interfaces": [
      "org/spongepowered/asm/service/IClassProvider",
      "org/spongepowered/asm/service/IClassBytecodeProvider",
      "org/spongepowered/asm/service/ITransformerProvider"
    ]
  },
  "org/spongepowered/asm/service/mojang/MixinServiceLaunchWrapperBootstrap": {
    "name": "org/spongepowered/asm/service/mojang/MixinServiceLaunchWrapperBootstrap",
    "interfaces": [
      "org/spongepowered/asm/service/IMixinServiceBootstrap"
    ]
  },
  "org/spongepowered/asm/transformers/TreeTransformer": {
    "name": "org/spongepowered/asm/transformers/TreeTransformer",
    "interfaces": [
      "org/spongepowered/asm/service/ILegacyClassTransformer"
    ]
  },
  "org/spongepowered/asm/util/Annotations$1": {
    "name": "org/spongepowered/asm/util/Annotations$1",
    "interfaces": [
      "com/google/common/base/Function"
    ]
  },
  "org/spongepowered/asm/util/ClassSignature$Token": {
    "name": "org/spongepowered/asm/util/ClassSignature$Token",
    "interfaces": [
      "org/spongepowered/asm/util/ClassSignature$IToken"
    ]
  },
  "org/spongepowered/asm/util/ClassSignature$TokenHandle": {
    "name": "org/spongepowered/asm/util/ClassSignature$TokenHandle",
    "interfaces": [
      "org/spongepowered/asm/util/ClassSignature$IToken"
    ]
  },
  "org/spongepowered/asm/util/ClassSignature$TypeVar": {
    "name": "org/spongepowered/asm/util/ClassSignature$TypeVar",
    "interfaces": [
      "java/lang/Comparable"
    ]
  },
  "org/spongepowered/asm/util/PrettyPrinter$HorizontalRule": {
    "name": "org/spongepowered/asm/util/PrettyPrinter$HorizontalRule",
    "interfaces": [
      "org/spongepowered/asm/util/PrettyPrinter$ISpecialEntry"
    ]
  },
  "org/spongepowered/asm/util/PrettyPrinter$KeyValue": {
    "name": "org/spongepowered/asm/util/PrettyPrinter$KeyValue",
    "interfaces": [
      "org/spongepowered/asm/util/PrettyPrinter$IVariableWidthEntry"
    ]
  },
  "org/spongepowered/asm/util/PrettyPrinter$Row": {
    "name": "org/spongepowered/asm/util/PrettyPrinter$Row",
    "interfaces": [
      "org/spongepowered/asm/util/PrettyPrinter$IVariableWidthEntry"
    ]
  },
  "org/spongepowered/asm/util/PrettyPrinter$Table": {
    "name": "org/spongepowered/asm/util/PrettyPrinter$Table",
    "interfaces": [
      "org/spongepowered/asm/util/PrettyPrinter$IVariableWidthEntry"
    ]
  },
  "org/spongepowered/asm/util/VersionNumber": {
    "name": "org/spongepowered/asm/util/VersionNumber",
    "interfaces": [
      "java/lang/Comparable",
      "java/io/Serializable"
    ]
  },
  "org/spongepowered/asm/util/logging/MessageRouter$DebugInterceptingMessager": {
    "name": "org/spongepowered/asm/util/logging/MessageRouter$DebugInterceptingMessager",
    "interfaces": [
      "javax/annotation/processing/Messager"
    ]
  },
  "org/spongepowered/asm/util/logging/MessageRouter$LoggingMessager": {
    "name": "org/spongepowered/asm/util/logging/MessageRouter$LoggingMessager",
    "interfaces": [
      "javax/annotation/processing/Messager"
    ]
  },
  "org/spongepowered/tools/agent/MixinAgent": {
    "name": "org/spongepowered/tools/agent/MixinAgent",
    "interfaces": [
      "org/spongepowered/asm/mixin/transformer/ext/IHotSwap"
    ]
  },
  "org/spongepowered/tools/agent/MixinAgent$Transformer": {
    "name": "org/spongepowered/tools/agent/MixinAgent$Transformer",
    "interfaces": [
      "java/lang/instrument/ClassFileTransformer"
    ]
  },
  "org/spongepowered/tools/obfuscation/AnnotatedMixinElementHandlerAccessor": {
    "name": "org/spongepowered/tools/obfuscation/AnnotatedMixinElementHandlerAccessor",
    "interfaces": [
      "org/spongepowered/asm/mixin/refmap/IMixinContext"
    ]
  },
  "org/spongepowered/tools/obfuscation/AnnotatedMixins": {
    "name": "org/spongepowered/tools/obfuscation/AnnotatedMixins",
    "interfaces": [
      "org/spongepowered/tools/obfuscation/interfaces/IMixinAnnotationProcessor",
      "org/spongepowered/asm/util/ITokenProvider",
      "org/spongepowered/tools/obfuscation/interfaces/ITypeHandleProvider",
      "org/spongepowered/tools/obfuscation/interfaces/IJavadocProvider"
    ]
  },
  "org/spongepowered/tools/obfuscation/Mappings": {
    "name": "org/spongepowered/tools/obfuscation/Mappings",
    "interfaces": [
      "org/spongepowered/tools/obfuscation/mapping/IMappingConsumer"
    ]
  },
  "org/spongepowered/tools/obfuscation/Mappings$UniqueMappings": {
    "name": "org/spongepowered/tools/obfuscation/Mappings$UniqueMappings",
    "interfaces": [
      "org/spongepowered/tools/obfuscation/mapping/IMappingConsumer"
    ]
  },
  "org/spongepowered/tools/obfuscation/MixinValidator": {
    "name": "org/spongepowered/tools/obfuscation/MixinValidator",
    "interfaces": [
      "org/spongepowered/tools/obfuscation/interfaces/IMixinValidator"
    ]
  },
  "org/spongepowered/tools/obfuscation/ObfuscationData": {
    "name": "org/spongepowered/tools/obfuscation/ObfuscationData",
    "interfaces": [
      "java/lang/Iterable"
    ]
  },
  "org/spongepowered/tools/obfuscation/ObfuscationDataProvider": {
    "name": "org/spongepowered/tools/obfuscation/ObfuscationDataProvider",
    "interfaces": [
      "org/spongepowered/tools/obfuscation/interfaces/IObfuscationDataProvider"
    ]
  },
  "org/spongepowered/tools/obfuscation/ObfuscationEnvironment": {
    "name": "org/spongepowered/tools/obfuscation/ObfuscationEnvironment",
    "interfaces": [
      "org/spongepowered/tools/obfuscation/interfaces/IObfuscationEnvironment"
    ]
  },
  "org/spongepowered/tools/obfuscation/ObfuscationEnvironment$RemapperProxy": {
    "name": "org/spongepowered/tools/obfuscation/ObfuscationEnvironment$RemapperProxy",
    "interfaces": [
      "org/spongepowered/asm/util/ObfuscationUtil$IClassRemapper"
    ]
  },
  "org/spongepowered/tools/obfuscation/ObfuscationManager": {
    "name": "org/spongepowered/tools/obfuscation/ObfuscationManager",
    "interfaces": [
      "org/spongepowered/tools/obfuscation/interfaces/IObfuscationManager"
    ]
  },
  "org/spongepowered/tools/obfuscation/ReferenceManager": {
    "name": "org/spongepowered/tools/obfuscation/ReferenceManager",
    "interfaces": [
      "org/spongepowered/tools/obfuscation/interfaces/IReferenceManager"
    ]
  },
  "org/spongepowered/tools/obfuscation/fg3/ObfuscationServiceFG3": {
    "name": "org/spongepowered/tools/obfuscation/fg3/ObfuscationServiceFG3",
    "interfaces": [
      "org/spongepowered/tools/obfuscation/service/IObfuscationService"
    ]
  },
  "org/spongepowered/tools/obfuscation/interfaces/IMessagerSuppressible": {
    "name": "org/spongepowered/tools/obfuscation/interfaces/IMessagerSuppressible",
    "interfaces": [
      "javax/annotation/processing/Messager"
    ]
  },
  "org/spongepowered/tools/obfuscation/interfaces/IMixinAnnotationProcessor": {
    "name": "org/spongepowered/tools/obfuscation/interfaces/IMixinAnnotationProcessor",
    "interfaces": [
      "org/spongepowered/tools/obfuscation/interfaces/IMessagerSuppressible",
      "org/spongepowered/tools/obfuscation/interfaces/IOptionProvider"
    ]
  },
  "org/spongepowered/tools/obfuscation/mapping/common/MappingProvider": {
    "name": "org/spongepowered/tools/obfuscation/mapping/common/MappingProvider",
    "interfaces": [
      "org/spongepowered/tools/obfuscation/mapping/IMappingProvider"
    ]
  },
  "org/spongepowered/tools/obfuscation/mapping/common/MappingWriter": {
    "name": "org/spongepowered/tools/obfuscation/mapping/common/MappingWriter",
    "interfaces": [
      "org/spongepowered/tools/obfuscation/mapping/IMappingWriter"
    ]
  },
  "org/spongepowered/tools/obfuscation/mapping/mcp/MappingProviderSrg$1": {
    "name": "org/spongepowered/tools/obfuscation/mapping/mcp/MappingProviderSrg$1",
    "interfaces": [
      "com/google/common/io/LineProcessor"
    ]
  },
  "org/spongepowered/tools/obfuscation/mcp/ObfuscationServiceMCP": {
    "name": "org/spongepowered/tools/obfuscation/mcp/ObfuscationServiceMCP",
    "interfaces": [
      "org/spongepowered/tools/obfuscation/service/IObfuscationService"
    ]
  },
  "org/spongepowered/tools/obfuscation/mirror/TypeReference": {
    "name": "org/spongepowered/tools/obfuscation/mirror/TypeReference",
    "interfaces": [
      "java/io/Serializable",
      "java/lang/Comparable"
    ]
  }
}