{
  "mappings": {
    "me/bon/badlionplus/mixin/Mixins/MixinPlayerControllerMP": {
      "clickBlock": "Lnet/minecraft/client/multiplayer/PlayerControllerMP;func_180511_b(Lnet/minecraft/util/math/BlockPos;Lnet/minecraft/util/EnumFacing;)Z",
      "onPlayerDamageBlock": "Lnet/minecraft/client/multiplayer/PlayerControllerMP;func_180512_c(Lnet/minecraft/util/math/BlockPos;Lnet/minecraft/util/EnumFacing;)Z"
    },
    "me/bon/badlionplus/mixin/Mixins/MixinMovementInputFromOptions": {
      "updatePlayerMoveState": "Lnet/minecraft/util/MovementInputFromOptions;func_78898_a()V",
      "Lnet/minecraft/client/settings/KeyBinding;isKeyDown()Z": "Lnet/minecraft/client/settings/KeyBinding;func_151470_d()Z"
    },
    "me/bon/badlionplus/mixin/Mixins/MixinGuiMainMenu": {
      "drawScreen": "Lnet/minecraft/client/gui/GuiMainMenu;func_73863_a(IIF)V"
    },
    "me/bon/badlionplus/mixin/Mixins/MixinNetworkManager": {
      "sendPacket(Lnet/minecraft/network/Packet;)V": "Lnet/minecraft/network/NetworkManager;func_179290_a(Lnet/minecraft/network/Packet;)V",
      "channelRead0": "Lnet/minecraft/network/NetworkManager;channelRead0(Lio/netty/channel/ChannelHandlerContext;Lnet/minecraft/network/Packet;)V"
    },
    "me/bon/badlionplus/mixin/Mixins/MixinC00Handshake": {
      "writePacketData": "Lnet/minecraft/network/handshake/client/C00Handshake;func_148840_b(Lnet/minecraft/network/PacketBuffer;)V"
    }
  },
  "data": {
    "notch": {
      "me/bon/badlionplus/mixin/Mixins/MixinPlayerControllerMP": {
        "clickBlock": "Lbsa;a(Let;Lfa;)Z",
        "onPlayerDamageBlock": "Lbsa;b(Let;Lfa;)Z"
      },
      "me/bon/badlionplus/mixin/Mixins/MixinMovementInputFromOptions": {
        "updatePlayerMoveState": "Lbuc;a()V",
        "Lnet/minecraft/client/settings/KeyBinding;isKeyDown()Z": "Lbhy;e()Z"
      },
      "me/bon/badlionplus/mixin/Mixins/MixinGuiMainMenu": {
        "drawScreen": "Lblr;a(IIF)V"
      },
      "me/bon/badlionplus/mixin/Mixins/MixinNetworkManager": {
        "sendPacket(Lnet/minecraft/network/Packet;)V": "Lgw;a(Lht;)V",
        "channelRead0": "Lgw;a(Lio/netty/channel/ChannelHandlerContext;Lht;)V"
      },
      "me/bon/badlionplus/mixin/Mixins/MixinC00Handshake": {
        "writePacketData": "Lmd;b(Lgy;)V"
      }
    },
    "searge": {
      "me/bon/badlionplus/mixin/Mixins/MixinPlayerControllerMP": {
        "clickBlock": "Lnet/minecraft/client/multiplayer/PlayerControllerMP;func_180511_b(Lnet/minecraft/util/math/BlockPos;Lnet/minecraft/util/EnumFacing;)Z",
        "onPlayerDamageBlock": "Lnet/minecraft/client/multiplayer/PlayerControllerMP;func_180512_c(Lnet/minecraft/util/math/BlockPos;Lnet/minecraft/util/EnumFacing;)Z"
      },
      "me/bon/badlionplus/mixin/Mixins/MixinMovementInputFromOptions": {
        "updatePlayerMoveState": "Lnet/minecraft/util/MovementInputFromOptions;func_78898_a()V",
        "Lnet/minecraft/client/settings/KeyBinding;isKeyDown()Z": "Lnet/minecraft/client/settings/KeyBinding;func_151470_d()Z"
      },
      "me/bon/badlionplus/mixin/Mixins/MixinGuiMainMenu": {
        "drawScreen": "Lnet/minecraft/client/gui/GuiMainMenu;func_73863_a(IIF)V"
      },
      "me/bon/badlionplus/mixin/Mixins/MixinNetworkManager": {
        "sendPacket(Lnet/minecraft/network/Packet;)V": "Lnet/minecraft/network/NetworkManager;func_179290_a(Lnet/minecraft/network/Packet;)V",
        "channelRead0": "Lnet/minecraft/network/NetworkManager;channelRead0(Lio/netty/channel/ChannelHandlerContext;Lnet/minecraft/network/Packet;)V"
      },
      "me/bon/badlionplus/mixin/Mixins/MixinC00Handshake": {
        "writePacketData": "Lnet/minecraft/network/handshake/client/C00Handshake;func_148840_b(Lnet/minecraft/network/PacketBuffer;)V"
      }
    }
  }
}